time_s,eeg_uv
0.0,-0.3703574676999759
0.00625,8.729473651352196
0.0125,17.685616742010655
0.01875,12.075459176436421
0.025,21.56092339700505
0.03125,26.600559333890857
0.0375,6.701172349474682
0.04375,0.1371078929484204
0.05,8.131619855480931
0.05625,-9.424468070896516
0.0625,-5.308113881083184
0.06875,-10.020276467078862
0.075,-18.402513194584035
0.08125,-9.702934076662375
0.0875,-9.632645916940266
0.09375,-0.6709180319565432
0.1,8.448580687721188
0.10625,12.267975353112826
0.1125,11.915733324551265
0.11875,11.29835431786454
0.125,18.284093495359954
0.13125,32.37030760720603
0.1375,7.302800950119835
0.14375,6.995097141425387
0.15,-6.13091399436183
0.15625,-9.054027468247138
0.1625,-14.486724276924454
0.16875,-16.34533293549677
0.175,-6.713136112010348
0.18125,-18.382929118246924
0.1875,0.48253674812588354
0.19375,-0.8873362946103418
0.2,-9.016900998231323
0.20625,13.381634836996493
0.2125,7.8070436380249895
0.21875,20.267015926368625
0.225,17.15155037207513
0.23125,17.469577580502804
0.2375,8.712965921799295
0.24375,8.293718785346538
0.25,-13.128701455231106
0.25625,-14.760920598654252
0.2625,-10.448265199623192
0.26875,-14.620153102920161
0.275,-21.47480660911656
0.28125,-8.808554292462162
0.2875,-14.244809949566779
0.29375,0.04488016199553435
0.3,7.989387865646819
0.30625,3.134803710804639
0.3125,6.906015414816033
0.31875,13.805127139701305
0.325,15.008992302240364
0.33125,8.473208380077427
0.3375,0.9189463695579096
0.34375,-3.7512301252576905
0.35,-9.331273194517259
0.35625,-13.453367796793488
0.3625,-11.044659942031137
0.36875,-16.847198041134085
0.375,-24.07483909743148
0.38125,-20.639440042971046
0.3875,-17.802281725964605
0.39375,-4.935456861756746
0.4,-7.80890360721383
0.40625,11.500848174101883
0.4125,14.430623912102126
0.41875,15.147516054529003
0.425,10.785601880050221
0.43125,18.926220861995194
0.4375,24.76729578592118
0.44375,0.0733732738042343
0.45,-17.39599867026309
0.45625,-5.709039263274758
0.4625,-16.334794861401758
0.46875,-19.896111584614108
0.475,-14.911773676600411
0.48125,-13.764720059146116
0.4875,-19.234287109181444
0.49375,-6.208557089273201
0.5,2.398875967210803
0.50625,11.71331035440759
0.5125,9.840600577023459
0.51875,15.967069135468394
0.525,17.188604986420476
0.53125,9.670013864879774
0.5375,5.3956181194214965
0.54375,1.9612061885871137
0.55,-4.937294718101357
0.55625,-10.605157179985655
0.5625,-1.563637263376739
0.56875,-13.916406526551622
0.575,-9.385454058971952
0.58125,-7.238765076160837
0.5875,5.834204756862075
0.59375,-4.982722689775786
0.6,10.222879208083606
0.60625,8.7321968716718
0.6125,17.495395866946563
0.61875,16.294563985822236
0.625,22.36073580681937
0.63125,23.91339417993091
0.6375,17.174445002433245
0.64375,4.044133119624799
0.65,-6.579765137356549
0.65625,-14.341079120505437
0.6625,-19.3174639904118
0.66875,-15.040699645216089
0.675,-13.854112578154393
0.68125,-13.983854666334441
0.6875,-2.0685382329635518
0.69375,1.8400820266589348
0.7,1.8275667487202694
0.70625,7.926601572738645
0.7125,14.403367689263973
0.71875,15.224429429035144
0.725,24.338583547437384
0.73125,20.056868123467957
0.7375,11.453932912633531
0.74375,1.444368811227231
0.75,-9.157463098266836
0.75625,-10.599801456290644
0.7625,-14.684682497929982
0.76875,-15.82129194559425
0.775,-25.389122772840846
0.78125,-4.4007712426046695
0.7875,-6.959251001275053
0.79375,-1.3837987678417778
0.8,-2.4152421841566056
0.80625,7.470286819146203
0.8125,3.3234337160309444
0.81875,8.524736311816373
0.825,21.330578440529145
0.83125,20.347888247685454
0.8375,8.50594580669703
0.84375,2.9151073790073134
0.85,-6.9434260027136325
0.85625,-25.550065703309908
0.8625,-12.718976882991264
0.86875,-21.22631461029431
0.875,-17.208785000925722
0.88125,-12.903050318053081
0.8875,-6.017943387984886
0.89375,-11.355252002001741
0.9,7.223025323934802
0.90625,10.593503513636549
0.9125,13.127082511421017
0.91875,19.1598266790358
0.925,20.367755702618688
0.93125,8.43803601950914
0.9375,13.14405064593645
0.94375,1.0767787511706919
0.95,-12.836793662612877
0.95625,-8.989070048275117
0.9625,-22.260962598339365
0.96875,-13.107825676881404
0.975,-14.545033538112083
0.98125,-20.650120634140535
0.9875,-11.467585924491033
0.99375,4.600716571468778
1.0,0.5314226445067209
1.00625,13.829646913560744
1.0125,22.36461634399033
1.01875,15.97142247774865
1.025,21.841067846458962
1.03125,13.521692591724042
1.0375,5.357884920827271
1.04375,-3.423919294740121
1.05,-3.462620191680177
1.05625,-1.039441276754272
1.0625,-14.733247407803601
1.06875,-19.070058061052066
1.075,-20.736276587152812
1.08125,-20.763589312285944
1.0875,-9.440325949751589
1.09375,3.3833453611813393
1.1,5.3268802393145345
1.10625,12.888237133098096
1.1125,19.561391230928642
1.11875,20.09920631700432
1.125,35.88651442489157
1.13125,23.22287985223644
1.1375,13.864800714388176
1.14375,10.072163596912807
1.15,7.847368348689308
1.15625,-5.567297696333624
1.1625,-5.194528981186413
1.16875,-7.852594018294918
1.175,-25.619490286741915
1.18125,-2.80330630732168
1.1875,-8.000681402815731
1.19375,-2.979292500949449
1.2,3.3236068137882975
1.20625,6.171309402225026
1.2125,18.979427375850463
1.21875,11.379988181952017
1.225,14.87358031031555
1.23125,15.601367175282473
1.2375,7.489785941314807
1.24375,11.384482449857199
1.25,-4.475809498520077
1.25625,-13.708062546604612
1.2625,-11.172527182690663
1.26875,-19.885233291601633
1.275,-23.935046434273044
1.28125,-21.046428650745565
1.2875,-15.901078509956385
1.29375,-1.8376545302613985
1.3,4.250617155168488
1.30625,21.908100646036978
1.3125,10.96892223650545
1.31875,15.68996706646485
1.325,15.289294294908135
1.33125,11.487041977711945
1.3375,-0.4960153476228921
1.34375,-1.5599698138316977
1.35,-4.642593972990804
1.35625,-21.990690460013653
1.3625,-20.755871938056927
1.36875,-23.3966766177854
1.375,-26.993057489484304
1.38125,-12.891521102939738
1.3875,-12.74800090379082
1.39375,-12.16755044150413
1.4,7.2431446788998635
1.40625,8.679192117023012
1.4125,23.36845974790261
1.41875,27.918354105036702
1.425,11.014917602487547
1.43125,16.94400124167056
1.4375,2.266693771595377
1.44375,6.036589760402755
1.45,5.847752884780776
1.45625,-8.639880560909202
1.4625,-21.561850152171203
1.46875,-17.137972795399666
1.475,-14.493255457423796
1.48125,-8.085904012204528
1.4875,-18.75434921416121
1.49375,3.1793424624754927
1.5,1.1209953057849624
1.50625,10.188494515236878
1.5125,5.821618815718498
1.51875,11.222737135802841
1.525,12.800242306798737
1.53125,14.996506539494959
1.5375,13.598688879106831
1.54375,16.36002975863233
1.55,-9.117605038022067
1.55625,-6.464523392291138
1.5625,-16.52127658838749
1.56875,-13.508064644789886
1.575,-4.244183275017086
1.58125,-17.783559157991643
1.5875,-0.4193741300331153
1.59375,-4.755958883064011
1.6,14.102058915971114
1.60625,17.81296813782957
1.6125,17.635056391245303
1.61875,18.135388862570764
1.625,21.38148065758673
1.63125,29.24923235131149
1.6375,12.270346062992925
1.64375,2.4914784846218514
1.65,5.831642876911668
1.65625,-9.979882137927227
1.6625,-15.857865565074816
1.66875,-21.776180753174902
1.675,-14.712606302622225
1.68125,-18.28526814176168
1.6875,-12.255381622314994
1.69375,1.5142044088282716
1.7,8.003553686901956
1.70625,1.1430392372536886
1.7125,18.336314927063512
1.71875,19.428724777211944
1.725,19.828515197385688
1.73125,15.061575223235877
1.7375,24.89433221476094
1.74375,-8.765781787699792
1.75,-5.145707486799428
1.75625,-19.50388264127183
1.7625,-24.831230855679856
1.76875,-19.1209267038439
1.775,-22.93089655788147
1.78125,-20.24769752582903
1.7875,-1.1477852768005796
1.79375,-9.231401960622927
1.8,-1.7508253358527908
1.80625,8.64011313920791
1.8125,7.346100967906311
1.81875,13.465546029179208
1.825,21.089698085344626
1.83125,11.172789777476622
1.8375,-2.014873801809724
1.84375,5.353284536369216
1.85,-4.713230834121968
1.85625,-10.16208860855028
1.8625,-0.40502819561110215
1.86875,-19.28148899987498
1.875,-22.366329503365584
1.88125,-19.36651218376413
1.8875,-6.852196880986538
1.89375,-11.823523713416026
1.9,8.277342199287853
1.90625,11.471404331748694
1.9125,4.108222159284564
1.91875,11.762614002971763
1.925,13.517625585957918
1.93125,9.922560594480728
1.9375,9.823584857601581
1.94375,5.7707515675614225
1.95,-3.996442211563353
1.95625,-10.618559343474509
1.9625,-18.768474267539446
1.96875,-16.033111414338098
1.975,-18.854155468949855
1.98125,-22.746018783074426
1.9875,-5.904016017064002
1.99375,-2.2793094739470092
2.0,15.104181658252902
2.00625,15.769732607464611
2.0125,24.154317761076417
2.01875,13.864439604375052
2.025,18.203713990007884
2.03125,14.857017612345285
2.0375,5.086671260799628
2.04375,0.9873364861688714
2.05,-2.562931839427851
2.05625,-6.226876226796847
2.0625,-12.364204237115558
2.06875,-24.010802882198647
2.075,-20.445952634794615
2.08125,-9.378300951742506
2.0875,-5.897475625251665
2.09375,2.2663197375071604
2.1,-4.120788513613466
2.10625,21.760820343924465
2.1125,16.506848053403985
2.11875,18.629711980680813
2.125,25.86408230675618
2.13125,23.5050291339103
2.1375,11.941498194611793
2.14375,8.792394823075824
2.15,1.4127643354664534
2.15625,-2.7433832842367245
2.1625,-10.363273773485055
2.16875,-20.98581478202018
2.175,-7.30786849862928
2.18125,-13.590489860242457
2.1875,-15.677777953293631
2.19375,4.31137010750054
2.2,10.214766039752341
2.20625,7.470490362829288
2.2125,30.754412669295128
2.21875,18.49050388576546
2.225,17.05479915320037
2.23125,22.988117287192967
2.2375,11.141616800276527
2.24375,8.111101134074291
2.25,-3.959059369406331
2.25625,-11.496032272642703
2.2625,-8.78083816321497
2.26875,-10.53545103732559
2.275,-18.39666945319382
2.28125,-19.577443910869793
2.2875,-13.313075771279095
2.29375,-8.923970869544256
2.3,-0.5917775330572925
2.30625,10.986194819896468
2.3125,20.725710974171783
2.31875,20.186419209300496
2.325,24.84979881210626
2.33125,14.974995067557794
2.3375,7.360070316809042
2.34375,-8.3032499313742
2.35,-4.736447303124875
2.35625,-18.545265991601
2.3625,-19.862032221297778
2.36875,-24.532806573593646
2.375,-14.99542777459011
2.38125,-17.75047111382292
2.3875,-7.848100060713576
2.39375,-6.100072270666984
2.4,3.939070149710377
2.40625,6.372234917288411
2.4125,10.708905711532843
2.41875,20.99697680432283
2.425,7.464486551710964
2.43125,5.3629824327049285
2.4375,2.967748358313721
2.44375,1.7112855932045317
2.45,-9.251447033758039
2.45625,-10.97095235171037
2.4625,-14.326312800548852
2.46875,-23.64120401792351
2.475,-22.605525994765223
2.48125,-9.939589485845751
2.4875,-15.297480464845481
2.49375,-5.164376119431487
2.5,5.705794907267132
2.50625,9.50106352913432
2.5125,20.568317374455475
2.51875,25.19958727610871
2.525,11.184493975218274
2.53125,18.856314342971146
2.5375,20.980673469356862
2.54375,15.093923680524952
2.55,-7.1851938340121375
2.55625,-13.687048924418749
2.5625,-13.947566034488364
2.56875,-20.610818404343345
2.575,-11.201736561915059
2.58125,-13.806861334704783
2.5875,0.7711702393514326
2.59375,7.827805842170114
2.6,8.383814485676297
2.60625,9.121547879683522
2.6125,18.943771315081996
2.61875,14.934527494382209
2.625,13.903336948331091
2.63125,24.661754716467826
2.6375,10.660808491843909
2.64375,5.390832054163879
2.65,5.44799459673278
2.65625,1.1884086136021246
2.6625,-5.1838341456818435
2.66875,-5.307501328160033
2.675,-18.10714217443575
2.68125,-8.805574094292801
2.6875,-13.955976292757903
2.69375,2.920248365974385
2.7,7.73655627536162
2.70625,8.28932172323784
2.7125,18.19640363598512
2.71875,15.878893023707905
2.725,24.788136864805928
2.73125,5.477021525100566
2.7375,2.704802809420408
2.74375,9.841593107451143
2.75,-11.362236738176781
2.75625,-12.74461635503002
2.7625,-15.536226746816507
2.76875,-18.0450941343329
2.775,-16.483023771262257
2.78125,-14.781152135104104
2.7875,-13.801480505083052
2.79375,-3.025464399058478
2.8,-2.045671049649394
2.80625,12.724984315915968
2.8125,11.518204006012565
2.81875,14.141289385306223
2.825,11.680133372227678
2.83125,-0.7785654733665055
2.8375,10.524576202851367
2.84375,-5.778783278658747
2.85,-14.641783415095327
2.85625,-12.614975373502418
2.8625,-16.421251623088697
2.86875,-23.83131969261263
2.875,-15.47383900431235
2.88125,-17.438318555860725
2.8875,-10.323161732043987
2.89375,-3.42542409747027
2.9,5.875311110924822
2.90625,16.223418476341628
2.9125,20.609589026926997
2.91875,7.428330159791602
2.925,10.64840458613447
2.93125,9.282260407493967
2.9375,15.650857860892605
2.94375,0.16272461311526798
2.95,-9.903385031671498
2.95625,-6.189813775256363
2.9625,-22.326613808151297
2.96875,-14.76641750709819
2.975,-17.206691078963207
2.98125,-19.332289003992827
2.9875,-18.196754175808117
2.99375,-0.11080304985804457
3.0,2.5800251232655658
3.00625,22.83197878170943
3.0125,15.530741260131263
3.01875,10.19768806995529
3.025,13.99435413427816
3.03125,15.26770133033433
3.0375,8.767918343551603
3.04375,11.100814299508821
3.05,-14.937659192191953
3.05625,-5.982630629448362
3.0625,-13.64653864966936
3.06875,-11.568085490712205
3.075,-21.211991491191185
3.08125,-10.130658586388808
3.0875,-6.418662759198559
3.09375,-4.251164322227395
3.1,7.703355190212719
3.10625,8.084174766756407
3.1125,22.340490445793638
3.11875,20.946083594364517
3.125,16.661526865507497
3.13125,16.209763792359155
3.1375,17.203082673629144
3.14375,10.375642332177026
3.15,-12.268317615631442
3.15625,-7.444264014992916
3.1625,-14.327602342969087
3.16875,-11.353400276175487
3.175,-14.83982258539644
3.18125,-17.33756610569538
3.1875,-5.440246469931715
3.19375,11.725810633547066
3.2,1.0627407666690392
3.20625,6.026946729208923
3.2125,21.626496201123466
3.21875,15.724513089343727
3.225,30.723250190719657
3.23125,4.385649914942549
3.2375,18.31511423658207
3.24375,3.2099281091454896
3.25,2.8673131916626144
3.25625,-3.7053588576420857
3.2625,-16.125269760131687
3.26875,-22.002232863762753
3.275,-20.877893360812568
3.28125,-19.414708786108985
3.2875,-2.395664863349502
3.29375,-8.330339125053182
3.3,11.571642441547334
3.30625,2.189100379991734
3.3125,14.986919133241283
3.31875,12.730007653044124
3.325,17.12441589033537
3.33125,8.799002231783634
3.3375,6.779865689273663
3.34375,-10.104099305731504
3.35,-11.801089018111918
3.35625,-5.99119115307354
3.3625,-7.949706518791979
3.36875,-18.965662122067542
3.375,-18.930057900411647
3.38125,-15.996297040592054
3.3875,-12.470595127079443
3.39375,-12.690935319910132
3.4,3.645630679877307
3.40625,-3.9331952154283805
3.4125,13.275667587713452
3.41875,14.429656676312481
3.425,11.12780469368299
3.43125,11.811998351413159
3.4375,12.702843619686165
3.44375,-1.2527396034482643
3.45,-8.082701282847161
3.45625,-15.120891996397257
3.4625,-15.945581487501325
3.46875,-24.54116815676945
3.475,-18.999916019617807
3.48125,-14.904228994173696
3.4875,-24.03279548691753
3.49375,-1.9041961932550429
3.5,6.9744265223949835
3.50625,10.65681864713231
3.5125,14.22138018095297
3.51875,16.820854202275775
3.525,23.349832231399922
3.53125,21.482376538211273
3.5375,11.551454853014993
3.54375,10.042159797061586
3.55,-0.47627927852875973
3.55625,-6.839570489172263
3.5625,-14.228017696853497
3.56875,-22.132884222574862
3.575,-16.987605385111618
3.58125,-17.884409525941987
3.5875,-0.5954475093569274
3.59375,-3.095633938760712
3.6,6.168900521008103
3.60625,10.210494381552522
3.6125,15.19609750301458
3.61875,23.76564956051699
3.625,25.561045590385103
3.63125,18.563650286786213
3.6375,7.234137236427455
3.64375,3.0815444921456905
3.65,-6.376093837042102
3.65625,-8.780869812015066
3.6625,-11.959611921438377
3.66875,-18.204590781708337
3.675,-14.4385004286385
3.68125,-10.033949681895638
3.6875,-14.397947768843558
3.69375,-0.8343098184729114
3.7,3.46072943209295
3.70625,12.298634187632032
3.7125,11.092513881940505
3.71875,26.82241481338322
3.725,12.990639509957884
3.73125,18.979335034056927
3.7375,13.076852263744538
3.74375,3.2781074333651143
3.75,-3.7298640696091607
3.75625,-8.32415049120852
3.7625,-18.35856491810653
3.76875,-21.256374095608788
3.775,-18.890437649820395
3.78125,-4.224032804106937
3.7875,-9.268924924104368
3.79375,-4.113624318527134
3.8,9.383448418521713
3.80625,15.074067617841798
3.8125,16.779887048003122
3.81875,24.870896189528636
3.825,18.50040220433823
3.83125,17.495982908120972
3.8375,13.332200393794452
3.84375,-0.4290873418602186
3.85,-10.03741451381713
3.85625,-6.231680849590648
3.8625,-13.162693963712945
3.86875,-20.13496820047892
3.875,-28.937018720110487
3.88125,-10.961554506277505
3.8875,-8.227613186448233
3.89375,-0.29783773910146305
3.9,0.3851235029092097
3.90625,-5.2699434933633515
3.9125,13.033810235518331
3.91875,22.53692393899615
3.925,12.579363636393778
3.93125,16.851864331712495
3.9375,10.625551701435125
3.94375,8.170311526698912
3.95,-3.0056498442451867
3.95625,-5.037621206916294
3.9625,-11.991806926533602
3.96875,-17.625651660729435
3.975,-15.579767434848227
3.98125,-7.856101393930016
3.9875,-4.150891093104314
3.99375,2.2492283123361982
4.0,3.7158778379852926
4.00625,2.9157954354532727
4.0125,14.338164066637749
4.01875,12.013973438272133
4.025,26.820269950770005
4.03125,20.075873986756015
4.0375,5.860889562500499
4.04375,6.328757479051773
4.05,-3.0263385639545146
4.05625,4.053737876961314
4.0625,-11.140121493530003
4.06875,-29.811493071873564
4.075,-23.71634365840286
4.08125,-14.345510322340873
4.0875,1.2902165788628635
4.09375,1.4181481700731116
4.1,9.761337652640302
4.10625,26.77766533226276
4.1125,25.139392533773382
4.11875,18.784501766333783
4.125,17.198133469210276
4.13125,17.876013579802944
4.1375,5.378784275016045
4.14375,9.159590996389202
4.15,-3.5740367275930383
4.15625,-20.005631236214327
4.1625,-15.794112224181204
4.16875,-21.12502830893628
4.175,-19.192884606899668
4.18125,-4.93385792678999
4.1875,-9.840026384844363
4.19375,-3.0353728404719953
4.2,4.15284944152746
4.20625,14.251518156582382
4.2125,20.65490586507648
4.21875,20.60842098139788
4.225,26.148785695825666
4.23125,10.368005870015129
4.2375,8.029951143128127
4.24375,-4.161813634356429
4.25,-2.7922642824220056
4.25625,-21.32802915974017
4.2625,-14.11618065593239
4.26875,-13.112523637088515
4.275,-15.123850146894798
4.28125,-15.84017680136212
4.2875,-8.959813006631268
4.29375,1.833288141571936
4.3,-6.413895050949497
4.30625,12.53657843468954
4.3125,15.440380323843916
4.31875,20.940865251542647
4.325,17.723586446291847
4.33125,8.730663895738823
4.3375,-0.5195142533751351
4.34375,4.152330948077958
4.35,-4.440733970677442
4.35625,-16.120593199048916
4.3625,-14.299424603091563
4.36875,-14.33997613102969
4.375,-16.396030709618163
4.38125,-20.501351554370665
4.3875,-13.964895874857758
4.39375,-3.605627377668873
4.4,6.463149640513842
4.40625,5.445109605776107
4.4125,10.544157271214424
4.41875,9.286647476038139
4.425,14.871310067928754
4.43125,16.517812757931168
4.4375,4.1174655192212715
4.44375,-10.58159011868256
4.45,-0.15558857828874118
4.45625,-4.762964182289053
4.4625,-19.64777064971839
4.46875,-16.923141645120232
4.475,-11.455401576442238
4.48125,-24.878731479178544
4.4875,-16.705309074467596
4.49375,7.168058386320748
4.5,-3.618635844381035
4.50625,4.804938174001633
4.5125,12.0453440283248
4.51875,13.391467710787108
4.525,28.126298205839618
4.53125,18.6558964538522
4.5375,18.992707009516074
4.54375,-3.879590271961451
4.55,-6.4244074633207084
4.55625,-12.866584488190593
4.5625,-14.134193207867881
4.56875,-10.046224071728982
4.575,-22.054844697883862
4.58125,-16.917515437200855
4.5875,-6.03591117193051
4.59375,4.6475418586012545
4.6,-2.2985776539832816
4.60625,13.476260054055443
4.6125,18.190323170524408
4.61875,18.39294250646061
4.625,25.64525710913466
4.63125,9.662123579424645
4.6375,21.91068613197089
4.64375,0.7089954816306774
4.65,-2.1557116376796492
4.65625,-0.9858770216259343
4.6625,-7.279651938125879
4.66875,-27.209068980592484
4.675,-18.571487994438204
4.68125,-9.75988028341447
4.6875,-7.170978986033836
4.69375,9.863071466369707
4.7,0.252863930599764
4.70625,14.752308573481557
4.7125,13.664836117974433
4.71875,3.6316255802755872
4.725,25.682488983492828
4.73125,15.21783401648104
4.7375,8.420364661026865
4.74375,-1.880337411078893
4.75,-5.799418784517584
4.75625,-11.07555893344183
4.7625,-14.84299574533222
4.76875,-28.033215746735852
4.775,-13.014939106760723
4.78125,-18.266823016769084
4.7875,-7.997767008489454
4.79375,-10.428187032878562
4.8,-1.8672694837751136
4.80625,3.929837681544404
4.8125,21.2069913384885
4.81875,22.337903936737643
4.825,18.5256070353577
4.83125,19.824282395287874
4.8375,5.210706973442708
4.84375,1.5335555773154104
4.85,-1.6636191899762824
4.85625,-14.725112747888796
4.8625,-18.554278332814665
4.86875,-17.000524466756573
4.875,-26.03254565610386
4.88125,-19.184762844539964
4.8875,-9.653471631040205
4.89375,1.8300718613279088
4.9,-0.5739091727237735
4.90625,-5.148453260209662
4.9125,17.447914768643116
4.91875,3.528898831143131
4.925,12.402169528289964
4.93125,21.48495882727682
4.9375,4.994200983814893
4.94375,5.141394871838305
4.95,-7.728296477291279
4.95625,-10.793278408818939
4.9625,-14.954310474874713
4.96875,-18.118461970806425
4.975,-29.00401207280779
4.98125,-14.677094525710576
4.9875,-13.237856319968222
4.99375,-1.4523489686046966
5.0,11.371101920046172
5.00625,8.757778753663265
5.0125,12.200895289885983
5.01875,16.766211674770894
5.025,15.315108567944108
5.03125,19.685190252335588
5.0375,3.547997064645447
5.04375,2.695188013762023
5.05,4.817323592906421
5.05625,-4.196892520333726
5.0625,-8.993245462585135
5.06875,-12.757115235332995
5.075,-17.43135824866573
5.08125,-14.513864458005804
5.0875,1.5258114284077156
5.09375,-1.7293436229257482
5.1,5.563049403499415
5.10625,10.930377018727986
5.1125,18.928342656088024
5.11875,23.242429027628347
5.125,19.766175673517147
5.13125,12.673229444971362
5.1375,17.98657240581515
5.14375,0.41304903487064415
5.15,6.694425778171468
5.15625,-1.59936870011287
5.1625,-12.467747880195617
5.16875,-15.466091152428843
5.175,-12.807023728198846
5.18125,-18.889683871140903
5.1875,-3.7144449707594305
5.19375,-3.0884345015151475
5.2,11.565059507560722
5.20625,11.32101169911266
5.2125,20.94316862055483
5.21875,21.75490022519057
5.225,21.855700048380655
5.23125,17.079816301352697
5.2375,2.2792059949631867
5.24375,2.487591739217394
5.25,-0.7107466424416686
5.25625,-7.672072511897305
5.2625,-14.924400922643217
5.26875,-26.796389244173632
5.275,-17.64594414752041
5.28125,-6.914715691808482
5.2875,-6.143200103773512
5.29375,-3.036427225374534
5.3,9.538220370959484
5.30625,8.298422574431923
5.3125,4.2157762786873665
5.31875,17.249576346587414
5.325,24.333946929089098
5.33125,15.97311553813991
5.3375,10.973232930929404
5.34375,-5.408132516731852
5.35,-3.382833252633647
5.35625,-11.088424571698017
5.3625,-7.126475563494138
5.36875,-13.757048595087145
5.375,-36.143848207732745
5.38125,-25.50741085309779
5.3875,-8.11664348730574
5.39375,-7.922676111813817
5.4,-1.8565040231852374
5.40625,5.754657557116584
5.4125,2.0578379717735427
5.41875,11.756094897220764
5.425,20.355549686898705
5.43125,11.937113413379425
5.4375,4.630692646869278
5.44375,2.503796894474549
5.45,-1.37130775558779
5.45625,0.8351550875898539
5.4625,-24.964306389458713
5.46875,-16.480205304428512
5.475,-18.513323407131736
5.48125,-14.220654678957262
5.4875,-14.490130927069758
5.49375,-9.036502106178162
5.5,6.922502546970595
5.50625,16.93451269318474
5.5125,15.914434861817776
5.51875,16.549725923175842
5.525,19.342976118658203
5.53125,23.515012885093096
5.5375,11.883613113975548
5.54375,-6.856522616607503
5.55,2.181462733415478
5.55625,-7.127375570431047
5.5625,-6.0155656868204925
5.56875,-11.636176983617322
5.575,-5.101071836414006
5.58125,3.18508513100803
5.5875,-4.428779308159671
5.59375,1.7266276895111239
5.6,10.981598395688891
5.60625,8.302317957526014
5.6125,21.163966603394773
5.61875,14.756030525275271
5.625,22.82697501310721
5.63125,10.85252870253877
5.6375,21.420239473353977
5.64375,8.920377859481931
5.65,5.502652941300465
5.65625,-12.251861601520972
5.6625,-7.438837996162859
5.66875,-13.301655708590774
5.675,-17.58199126385115
5.68125,-19.744566135852942
5.6875,-2.6064728045826673
5.69375,7.258361294669228
5.7,-1.869070577754223
5.70625,17.515102847010418
5.7125,23.46252693421615
5.71875,18.002724222955173
5.725,18.857026738256728
5.73125,7.858123578507795
5.7375,7.801223297372018
5.74375,-0.540715113422249
5.75,-7.273673033013349
5.75625,-14.526297169903987
5.7625,-21.454839734212094
5.76875,-14.31396147714247
5.775,-16.460113156343443
5.78125,-13.088481144231222
5.7875,-15.620867361602414
5.79375,-2.9536349817445804
5.8,-2.4495837136971716
5.80625,10.163227321809194
5.8125,17.391049692040415
5.81875,7.769147022394071
5.825,15.633924065044704
5.83125,15.771983367664639
5.8375,7.978969117702857
5.84375,-1.3771758859733993
5.85,-4.187761755904928
5.85625,-5.405878915587208
5.8625,-3.0634127795685284
5.86875,-21.61380964673062
5.875,-26.037388177088708
5.88125,-17.242134171097906
5.8875,-12.119089184914552
5.89375,2.429424220837115
5.9,-5.2624580327761645
5.90625,5.453662054193168
5.9125,18.699643578855994
5.91875,21.43527003923409
5.925,24.52121845909395
5.93125,6.006354693599536
5.9375,9.627226099524075
5.94375,2.0560763186490583
5.95,-8.49043281080935
5.95625,-17.041782056933812
5.9625,-17.002822787451727
5.96875,-16.224354448317733
5.975,-8.105085948243595
5.98125,-15.346061438072198
5.9875,-5.96250685817541
5.99375,0.24794745900304882
6.0,-0.6693738235551705
6.00625,6.22042748377023
6.0125,12.615353392296178
6.01875,21.007938539247125
6.025,30.232755653435667
6.03125,13.588128233042042
6.0375,11.271087494949201
6.04375,11.757127350949029
6.05,-8.29648576629763
6.05625,-13.914535724419473
6.0625,-14.170977082949369
6.06875,-18.462061249374557
6.075,-14.781090187425633
6.08125,-11.147625655365582
6.0875,-11.6459357661333
6.09375,2.2810207901083377
6.1,9.123750363666954
6.10625,17.76045481929748
6.1125,15.333406996003017
6.11875,30.56128502318773
6.125,20.849510589795177
6.13125,22.702165701253513
6.1375,17.388352735986004
6.14375,-3.1508967679109894
6.15,-1.5860912753906495
6.15625,-7.032708664942747
6.1625,-15.10578573251301
6.16875,-9.105564283138282
6.175,-17.63459827807199
6.18125,-16.59349426278596
6.1875,-12.492917266409998
6.19375,-1.2170186062943706
6.2,4.793958410596348
6.20625,8.359597023734823
6.2125,13.027958607730454
6.21875,21.592724062224523
6.225,12.217148435154654
6.23125,11.141199311595683
6.2375,17.54800706776966
6.24375,-1.281211725613037
6.25,-8.018171836555567
6.25625,-6.087155391056738
6.2625,-13.707813175447068
6.26875,-10.735122696158545
6.275,-23.318791187214543
6.28125,-21.09441462979636
6.2875,-9.903986136701755
6.29375,-8.84510152823871
6.3,3.145652873418755
6.30625,13.640355751988736
6.3125,5.524322176102593
6.31875,3.2220659331807795
6.325,13.661798853041153
6.33125,15.449017259684748
6.3375,5.130721232980342
6.34375,1.8498980235200004
6.35,-3.6562565494776385
6.35625,-12.57953202351458
6.3625,-18.178780077728536
6.36875,-26.210369893248878
6.375,-31.795571289876207
6.38125,-25.221473332950417
6.3875,-19.076845222210146
6.39375,-7.324796796338648
6.4,1.3670811799888396
6.40625,16.023843355241077
6.4125,6.30461817537203
6.41875,22.860805542136422
6.425,17.061977578628397
6.43125,7.850352295910685
6.4375,1.6292996823653647
6.44375,4.5545415100061355
6.45,-7.912116392145634
6.45625,-18.84023160689273
6.4625,-12.854853640961561
6.46875,-23.888334184538135
6.475,-20.96363903964099
6.48125,-20.443707483347097
6.4875,-17.341551517020477
6.49375,-0.29706572422665234
6.5,20.695462935680094
6.50625,9.068153242282301
6.5125,16.319994048805746
6.51875,19.267012756022243
6.525,29.732767366433624
6.53125,10.629347580774631
6.5375,11.126302414425373
6.54375,-4.765716175515992
6.55,-2.8579202321979125
6.55625,-8.16655631576731
6.5625,-8.490345467079347
6.56875,-18.23653095133452
6.575,-18.411022686644387
6.58125,-15.776846755992775
6.5875,-2.6954048115738214
6.59375,-6.8081277563095615
6.6,9.471565080636996
6.60625,22.967021798280022
6.6125,25.891143170050857
6.61875,12.381710548641374
6.625,11.49646543729902
6.63125,12.239079006366248
6.6375,19.570414979775258
6.64375,-1.278217201062855
6.65,6.555761718310226
6.65625,-2.5169232685196326
6.6625,-14.788369823343794
6.66875,-8.40893827662393
6.675,-2.789150444251831
6.68125,-2.775578952446617
6.6875,-8.340900098858958
6.69375,-3.4583646850833345
6.7,6.954332911410842
6.70625,12.601718406447045
6.7125,22.224834331425242
6.71875,27.424739421906693
6.725,27.828714272236873
6.73125,24.961985848076353
6.7375,8.47026176460017
6.74375,4.236137108082698
6.75,-3.740808756114647
6.75625,-13.096256882560303
6.7625,-8.604214178050325
6.76875,-25.12014578233113
6.775,-16.521931615557687
6.78125,-15.680565632235512
6.7875,-20.199469868011633
6.79375,-2.808755619429357
6.8,2.501591077909362
6.80625,5.353996310166749
6.8125,7.85282163755708
6.81875,21.476597155165294
6.825,14.488329682781771
6.83125,13.40374089339427
6.8375,12.56565549698313
6.84375,6.984047205508848
6.85,-9.23003000450403
6.85625,-14.751418721150763
6.8625,-18.607847075849474
6.86875,-19.298785275594366
6.875,-26.79084962318955
6.88125,-20.23155794898152
6.8875,-9.659508780577326
6.89375,-16.019817227229247
6.9,-1.0522431906372698
6.90625,9.617387479957436
6.9125,0.4384026284906035
6.91875,12.569578100202401
6.925,8.331582862017209
6.93125,16.46641786269315
6.9375,6.967175258830937
6.94375,-1.770022101717728
6.95,-9.40587832179833
6.95625,-14.06944194021181
6.9625,-19.40423737891316
6.96875,-15.085648491879484
6.975,-28.861399156925756
6.98125,-17.217823532001443
6.9875,-2.6560682659585364
6.99375,-6.4093741602070375
7.0,3.0058064268635203
7.00625,14.284069992790075
7.0125,15.330440555978207
7.01875,19.185812692751846
7.025,6.936098244443542
7.03125,9.002782080221898
7.0375,12.20700159689879
7.04375,8.892529335372103
7.05,-0.9637570240262029
7.05625,3.23437714172778
7.0625,-6.234491428558142
7.06875,-27.199955715458607
7.075,-22.530074748394068
7.08125,-19.582558231458183
7.0875,-8.554292828611878
7.09375,-7.18228720917832
7.1,2.595722943006117
7.10625,13.58691448918071
7.1125,33.69998260358257
7.11875,12.340818646832997
7.125,18.219166968583533
7.13125,17.265079807308783
7.1375,10.105147713874278
7.14375,6.877922495329542
7.15,-2.173073756813878
7.15625,-12.116526031407691
7.1625,-12.889488706017007
7.16875,-20.00430227953637
7.175,-7.440307554637686
7.18125,-10.185171188467187
7.1875,-8.641871749083398
7.19375,4.978693829620162
7.2,-3.914069775842427
7.20625,7.3999312241049955
7.2125,20.35339601123902
7.21875,17.91722328548053
7.225,15.73576649985128
7.23125,14.643679709332813
7.2375,7.864001581777521
7.24375,1.5414204320000922
7.25,-7.530329127024254
7.25625,-5.588475558100479
7.2625,-1.6591322826620356
7.26875,-12.98575906316263
7.275,-20.506004875710214
7.28125,-5.830853479531957
7.2875,-10.621326302251461
7.29375,0.4121422885887771
7.3,2.096237681180546
7.30625,12.793412988368878
7.3125,13.778490217835724
7.31875,14.495110380880336
7.325,17.98956580815285
7.33125,8.447942055166557
7.3375,11.98313620841802
7.34375,2.053665152732573
7.35,-2.425802350748781
7.35625,-22.70717706669596
7.3625,-17.019790537862036
7.36875,-21.526945794169745
7.375,-15.840930475210305
7.38125,-13.532668524015088
7.3875,-7.527246927638847
7.39375,-3.132786356211393
7.4,1.6013056042583897
7.40625,8.66565073955911
7.4125,9.670353499910327
7.41875,14.895801878457329
7.425,20.96706745427722
7.43125,7.3752236258358845
7.4375,10.405597035660808
7.44375,-2.3306106428007856
7.45,-6.744700505923174
7.45625,-7.382774066671713
7.4625,-8.162992010327784
7.46875,-8.972512304404164
7.475,-23.281376922346123
7.48125,-9.832932567778649
7.4875,-10.716520341271291
7.49375,-3.8353953239674627
7.5,-1.1664385312302383
7.50625,9.566956187975048
7.5125,11.246024558234472
7.51875,12.557023619469202
7.525,18.436379403296627
7.53125,13.480909383378426
7.5375,14.024079087266536
7.54375,4.829625059170139
7.55,4.795731659447668
7.55625,-14.791841680757225
7.5625,-3.5895253053031304
7.56875,-22.214359162044335
7.575,-14.697785775529184
7.58125,-9.725101486893296
7.5875,-6.803059040446645
7.59375,-2.231414560101938
7.6,10.363410802375425
7.60625,12.992777213435458
7.6125,13.147076869746272
7.61875,27.79230470726265
7.625,20.707695847690438
7.63125,12.742378099058204
7.6375,11.076430323038565
7.64375,4.149655965176145
7.65,-1.3555163985062182
7.65625,4.6193412377270215
7.6625,-14.706612837982874
7.66875,-22.323213290324315
7.675,-21.081665941031325
7.68125,-13.429546119378504
7.6875,-3.2772841181846424
7.69375,-2.9022159537063335
7.7,5.238272506262028
7.70625,12.59111583737738
7.7125,17.224982809100908
7.71875,18.97684005025204
7.725,21.09248684262815
7.73125,28.722392712553596
7.7375,14.612665948821727
7.74375,9.69281920692652
7.75,-3.6656205897208993
7.75625,-21.0647299292879
7.7625,-17.346996429745907
7.76875,-28.810473200594807
7.775,-18.17215187600535
7.78125,-20.046909176424272
7.7875,-10.367284753179177
7.79375,-5.926500639352823
7.8,3.9702364350348844
7.80625,8.839476047168532
7.8125,10.787997252368715
7.81875,19.115751485711282
7.825,22.579476220488473
7.83125,21.060223798760532
7.8375,9.806099192988214
7.84375,2.8513673081388737
7.85,-15.469585488420105
7.85625,-18.954404959056653
7.8625,-9.312613307450322
7.86875,-18.51267176354302
7.875,-16.877516802042024
7.88125,-12.711448054146297
7.8875,-14.914478768911486
7.89375,-4.5682513419413375
7.9,7.613258419559514
7.90625,8.499054882260499
7.9125,8.235500663734689
7.91875,12.319838435474983
7.925,10.398253029618374
7.93125,18.881124115312304
7.9375,8.01246520537552
7.94375,-5.51311594283284
7.95,-1.9228388772360345
7.95625,-19.622279870840153
7.9625,-18.138496797241523
7.96875,-15.417918049818475
7.975,-14.906510202498637
7.98125,-23.14729606057739
7.9875,-10.740340405519357
7.99375,-4.547445323263165
8.0,1.2879058649931885
8.00625,11.62388813980136
8.0125,15.672462102237727
8.01875,26.00800851618832
8.025,10.642561545292052
8.03125,20.964134693056867
8.0375,15.245356833814729
8.04375,10.884839169155704
8.05,-10.956226854936133
8.05625,-6.954334603743884
8.0625,-12.506103523162766
8.06875,-16.225597461055756
8.075,-15.706198502460971
8.08125,-12.307285054650386
8.0875,-9.24339207045747
8.09375,12.177576933799006
8.1,13.424143463791825
8.10625,23.894334009827162
8.1125,9.454438442561575
8.11875,16.93601208669262
8.125,15.643779976475717
8.13125,23.871421501128125
8.1375,22.57936522677638
8.14375,8.753825303391336
8.15,-8.188527794143324
8.15625,1.1492616293180937
8.1625,-7.899581704506867
8.16875,-18.179192117805393
8.175,-16.32135787875176
8.18125,-14.364965975027731
8.1875,-5.57955367060605
8.19375,-7.398348948967767
8.2,11.598561067169332
8.20625,9.12920829037726
8.2125,12.713660412931567
8.21875,20.824944601704896
8.225,19.752966794537716
8.23125,19.14770678081951
8.2375,13.257304758501313
8.24375,8.25135652241382
8.25,-3.01222612628721
8.25625,-16.148349686886668
8.2625,-15.756914121189798
8.26875,-9.386454485144991
8.275,-24.423049719731523
8.28125,-12.409075744780587
8.2875,-11.770329787646997
8.29375,-4.909517664149414
8.3,6.151665757069987
8.30625,18.894914734017238
8.3125,8.987218364373067
8.31875,14.633994246202969
8.325,16.929728505419092
8.33125,14.677108441921764
8.3375,3.789537060766288
8.34375,-10.8286002986883
8.35,-7.700722295267235
8.35625,-23.44835955597434
8.3625,-13.242165552839724
8.36875,-17.18226872799139
8.375,-7.64619886665278
8.38125,-15.752935923613165
8.3875,-24.18636113016568
8.39375,-5.055353388625521
8.4,8.15193824504598
8.40625,13.270565970927784
8.4125,5.8683566199411175
8.41875,21.99864010075651
8.425,12.552244720918587
8.43125,10.929683834286585
8.4375,13.73783369157826
8.44375,-2.962350649296086
8.45,0.994429374292725
8.45625,-4.120046091364154
8.4625,-20.793733774392017
8.46875,-20.32259743517144
8.475,-13.360655903106025
8.48125,-9.892047032519411
8.4875,-14.008089027472233
8.49375,-7.945647003846259
8.5,12.965055973668639
8.50625,7.65488046564212
8.5125,17.553280934309576
8.51875,16.950220980126865
8.525,8.821540155805941
8.53125,22.68093979705956
8.5375,13.500916640638108
8.54375,6.071803466749573
8.55,0.7031454431084354
8.55625,-4.314537574075809
8.5625,-20.9517651266566
8.56875,-14.599577639273095
8.575,-18.01614870156465
8.58125,-12.527768359982135
8.5875,-0.8136724254885026
8.59375,-0.848639151500592
8.6,7.632461416292049
8.60625,21.338854756727912
8.6125,15.62512064866984
8.61875,23.970297342629213
8.625,21.238271032418528
8.63125,22.30618745665834
8.6375,14.799246118040205
8.64375,-1.2134992173307761
8.65,-4.4489296875968405
8.65625,-7.049964750304723
8.6625,-14.81128707829544
8.66875,-14.659978898589733
8.675,-16.73476721020117
8.68125,-6.776297741350644
8.6875,-3.7660803041735367
8.69375,-2.5042964229156977
8.7,12.604174271283295
8.70625,11.988413554719642
8.7125,22.95823235845935
8.71875,22.818223688179042
8.725,14.015324845998485
8.73125,22.41653415205059
8.7375,17.916838455141395
8.74375,2.5062930289172014
8.75,4.464702696979408
8.75625,-14.24386894592073
8.7625,-15.464265047341831
8.76875,-22.35469650029672
8.775,-35.95575550686741
8.78125,-12.150760948078437
8.7875,-18.443056727691506
8.79375,-8.762390395773625
8.8,10.073613122169347
8.80625,10.741631913743921
8.8125,9.565857417555728
8.81875,12.63329060261675
8.825,19.977975345536947
8.83125,15.9526487931807
8.8375,6.16880009060375
8.84375,0.24754830833571045
8.85,-0.003526564785536479
8.85625,-15.176052529892372
8.8625,-14.376405417454263
8.86875,-19.56637095224484
8.875,-17.75345281499638
8.88125,-17.159267964279692
8.8875,-20.42867803972612
8.89375,-4.92610949891215
8.9,-2.9702393751003906
8.90625,-1.5261763172678968
8.9125,7.96423240768219
8.91875,10.077019379039026
8.925,9.453349928539705
8.93125,9.262349565744694
8.9375,8.22348303786295
8.94375,4.360489031734417
8.95,-4.585694208579756
8.95625,-13.40692622615935
8.9625,-8.699268166826954
8.96875,-18.97405464680009
8.975,-26.068749265375665
8.98125,-20.065854200776453
8.9875,-7.545272752473772
8.99375,3.287552466976904
9.0,10.410736822986282
9.00625,16.93886339932751
9.0125,16.123054006616222
9.01875,7.026639203711175
9.025,18.854983789653755
9.03125,19.317487371337965
9.0375,14.863292897817725
9.04375,3.5970206884711455
9.05,2.170340832426431
9.05625,-6.396773973114559
9.0625,-14.267765131046698
9.06875,-14.16720807886178
9.075,-10.191258224905013
9.08125,-11.560742043202499
9.0875,-4.701198945704474
9.09375,0.29642244714914123
9.1,16.681133380084553
9.10625,18.20236704902743
9.1125,15.112307050608461
9.11875,28.310732856106405
9.125,18.391279956301986
9.13125,10.87658979153325
9.1375,14.176914338788446
9.14375,10.736548679810486
9.15,11.168143627956278
9.15625,-1.9426768659745504
9.1625,-6.146976350379691
9.16875,-19.76203917404542
9.175,-15.635632725838246
9.18125,-17.469726659122646
9.1875,-10.476982202396682
9.19375,-2.412167467402862
9.2,9.147171254795223
9.20625,21.891732592153883
9.2125,10.67620853221494
9.21875,14.362677010596203
9.225,30.167980394464823
9.23125,22.06118573907687
9.2375,11.868173098804268
9.24375,0.7678009151116627
9.25,-2.800246002312782
9.25625,-4.761547873975567
9.2625,-20.19445917707325
9.26875,-28.096351349820672
9.275,-12.748268296731819
9.28125,-15.51051131640523
9.2875,-13.687100510884028
9.29375,-2.3910901226631047
9.3,13.281657772194299
9.30625,2.896211111685785
9.3125,11.373712738744214
9.31875,24.170810779017334
9.325,14.391348649945513
9.33125,16.672743436905762
9.3375,2.4954729485527585
9.34375,-8.1338691391733
9.35,-2.7886354156850435
9.35625,-3.636716655752817
9.3625,-24.8885098964462
9.36875,-25.41884182199503
9.375,-13.12639303782126
9.38125,-15.131949760179634
9.3875,-7.079170026423371
9.39375,5.947009247402826
9.4,-0.04009447688743617
9.40625,7.593776604236478
9.4125,10.812962911894257
9.41875,3.291247198586465
9.425,19.310962541551664
9.43125,8.182510383006981
9.4375,4.636532476422056
9.44375,-2.465369741064371
9.45,0.9792133103884471
9.45625,-12.171999375147827
9.4625,-19.325643748599354
9.46875,-12.672274079787595
9.475,-8.831248485820312
9.48125,-16.58345186756254
9.4875,-9.013378648270466
9.49375,-1.4080831719136508
9.5,5.957417452886635
9.50625,10.350255028029022
9.5125,15.357518515471247
9.51875,21.93105302058818
9.525,12.588511341913987
9.53125,26.946847595136312
9.5375,10.571588653489671
9.54375,9.490641874888125
9.55,4.014425051066199
9.55625,-9.194934099151668
9.5625,-18.499196845560707
9.56875,-11.860610931714593
9.575,-16.71077352655397
9.58125,-23.074497561071666
9.5875,-13.794698108575805
9.59375,2.305169086948873
9.6,10.244921861871896
9.60625,18.844185098350454
9.6125,20.49439162679345
9.61875,25.28985698475902
9.625,17.280891489448152
9.63125,10.648159598025737
9.6375,14.845877363579811
9.64375,19.228312462687473
9.65,4.0506954780245055
9.65625,-6.916575835300728
9.6625,-13.213382810267165
9.66875,-12.071156625051092
9.675,-18.978978606288564
9.68125,-15.080105137438613
9.6875,4.690396637529016
9.69375,-5.615427783580911
9.7,9.85576868082454
9.70625,6.041619554255566
9.7125,8.305318444736207
9.71875,27.891394165086467
9.725,18.74251207226719
9.73125,6.1722753449742225
9.7375,8.806642716219223
9.74375,-1.807709657715101
9.75,-2.9709427698023707
9.75625,-2.020152070459453
9.7625,-8.525336058256348
9.76875,-18.684095827615774
9.775,-24.06462006264387
9.78125,-18.97361194254931
9.7875,-8.949936581119115
9.79375,-10.15346704732866
9.8,-3.736336966900382
9.80625,3.240150788697023
9.8125,9.494502996258566
9.81875,21.21369358981547
9.825,22.66592146346059
9.83125,21.486931327446896
9.8375,-0.7663713048578025
9.84375,0.44768867120660105
9.85,-15.259246336198048
9.85625,-9.233048463770793
9.8625,-15.87625628330319
9.86875,-26.66346241796441
9.875,-17.97925850917969
9.88125,-15.922679674700941
9.8875,-13.83835134383928
9.89375,0.3629232114883614
9.9,6.697534540204545
9.90625,2.32999412481374
9.9125,11.32521702450629
9.91875,7.139676349435177
9.925,18.26687485459573
9.93125,24.119240883157488
9.9375,-6.588339647768212
9.94375,-0.35995080415649716
9.95,-5.021997387685606
9.95625,-23.103813142320607
9.9625,-24.48394150822971
9.96875,-19.633682297462695
9.975,-25.30385010483655
9.98125,-11.310172789385032
9.9875,-14.098848110245354
9.99375,-9.105098128775257
10.0,1.6260348005454637
10.00625,16.194136991479283
10.0125,25.596319899385243
10.01875,16.254117831691943
10.025,20.43230215076365
10.03125,13.966934341215174
10.0375,10.11525209375736
10.04375,-0.5553444898606719
10.05,-4.438051920467098
10.05625,-11.005567075876153
10.0625,-9.920114012386392
10.06875,-14.300072305107145
10.075,-21.75510326858106
10.08125,-17.685564675738306
10.0875,-2.702525999997814
10.09375,-10.737139319658938
10.1,5.953045812373045
10.10625,17.63030708818192
10.1125,15.392079553282294
10.11875,6.535292825020644
10.125,18.336650977835042
10.13125,19.795824470992127
10.1375,3.649155440626412
10.14375,2.787511578932562
10.15,2.3288738032669856
10.15625,-7.9773451740554995
10.1625,-11.870190678991788
10.16875,-5.898782479324357
10.175,-15.314443287778039
10.18125,-14.02589401219259
10.1875,-10.264234885770543
10.19375,-6.367515267343215
10.2,13.664429686412374
10.20625,9.046493029576375
10.2125,10.60201946515091
10.21875,21.032444633490194
10.225,11.226001229464739
10.23125,26.420609518111185
10.2375,6.668177946206712
10.24375,6.790369970760582
10.25,-4.424744848771679
10.25625,0.07369913714634713
10.2625,-10.786266984394091
10.26875,-18.051652886140566
10.275,-15.123364178607545
10.28125,-9.555622999221448
10.2875,-8.073055516436412
10.29375,-8.18946047799664
10.3,5.4338834218815055
10.30625,3.110797154478541
10.3125,16.43307067844205
10.31875,18.225467966453095
10.325,7.834715634577707
10.33125,16.927893710610505
10.3375,0.8287440707228777
10.34375,-1.8857344533675646
10.35,-16.364902536187543
10.35625,-17.741867547629468
10.3625,-21.529899608336883
10.36875,-12.323185067198763
10.375,-25.16213955303397
10.38125,-12.636320449626144
10.3875,-14.952405973264405
10.39375,-4.1545915842264325
10.4,-5.387023128918197
10.40625,7.456673675646519
10.4125,27.709998058543846
10.41875,8.399476838361824
10.425,21.39956530822449
10.43125,28.70273797390429
10.4375,10.092523692776403
10.44375,-10.79686871242914
10.45,-2.4752199906112624
10.45625,-7.3431386312033835
10.4625,-7.002445721978477
10.46875,-13.906874730598759
10.475,-16.424588504351316
10.48125,-15.955188040209766
10.4875,1.1382852529926701
10.49375,2.179642951386993
10.5,0.3190334087129023
10.50625,20.175615529251246
10.5125,9.790221339235178
10.51875,28.38430820203893
10.525,27.0000756346044
10.53125,15.403991804175094
10.5375,15.94759783813998
10.54375,8.962252309502416
10.55,-9.859998072116761
10.55625,-6.0359593019155415
10.5625,-14.257652055432636
10.56875,-10.578613300856341
10.575,-12.83106060864776
10.58125,-14.727033753001344
10.5875,-2.0434650582546325
10.59375,-11.688702782743619
10.6,7.187480499276515
10.60625,6.298002363086107
10.6125,17.510174093431154
10.61875,27.588868627772072
10.625,12.972751443342418
10.63125,15.34236307531479
10.6375,16.603578573183754
10.64375,-8.008198613864565
10.65,-3.930189997661313
10.65625,-5.857051010882078
10.6625,-7.935561799956718
10.66875,-11.778456292129421
10.675,-15.850349683090212
10.68125,-18.619710017648885
10.6875,-8.65452792306687
10.69375,1.5011100691264425
10.7,6.140682670970103
10.70625,10.76378224272135
10.7125,28.51418743469334
10.71875,15.403747857082559
10.725,16.948331640362113
10.73125,18.401248919469115
10.7375,16.20822471565041
10.74375,-0.4251877615191151
10.75,-5.64604312957745
10.75625,-9.28051704455696
10.7625,-12.076857342794565
10.76875,-17.514091770245972
10.775,-8.803787801247015
10.78125,-20.783666034513388
10.7875,-6.981412301782648
10.79375,1.095538482682362
10.8,6.603562125712212
10.80625,11.382395006730345
10.8125,21.812106100962392
10.81875,19.065459426885866
10.825,19.602800087958705
10.83125,12.80772220443241
10.8375,5.629994291641287
10.84375,-5.908097869080018
10.85,-10.893295732105493
10.85625,-4.779390116234882
10.8625,-23.989603180563336
10.86875,-14.901452376681707
10.875,-31.82805587683802
10.88125,-22.533816797692936
10.8875,-11.063721988515537
10.89375,-1.1540574018945344
10.9,12.081990095808727
10.90625,-1.8026930513358668
10.9125,8.048404624408075
10.91875,13.422932699582432
10.925,17.07791406512448
10.93125,7.462220470154185
10.9375,4.514296754115486
10.94375,-1.750778511341971
10.95,-10.350116607753009
10.95625,-20.170514211912668
10.9625,-19.365850935516402
10.96875,-20.41045078879085
10.975,-16.384772902112406
10.98125,-18.316023171457886
10.9875,-8.860463791912824
10.99375,-7.11980584029494
11.0,5.933199994148
11.00625,7.324578804565231
11.0125,24.102998978756958
11.01875,26.070820676287976
11.025,5.390197622712812
11.03125,10.293082269545488
11.0375,16.341866166999118
11.04375,5.763907709069103
11.05,-4.145581383252413
11.05625,-2.0262371954587497
11.0625,-4.451140859207232
11.06875,-9.097449472234318
11.075,-23.454640565369232
11.08125,-11.260843936801647
11.0875,-11.856434144443913
11.09375,5.793187079812108
11.1,18.12101796062872
11.10625,4.730700989973444
11.1125,11.31117486948536
11.11875,37.77881527747288
11.125,31.04568018404039
11.13125,25.227229299038555
11.1375,12.396186875374463
11.14375,20.221419461853557
11.15,-11.722140593469113
11.15625,-10.690552456171162
11.1625,-10.138935834013822
11.16875,-6.135745261563832
11.175,-14.470598860210753
11.18125,-13.985725480528233
11.1875,-5.146978480491162
11.19375,11.68788960402597
11.2,-5.303177027267189
11.20625,19.486870365314914
11.2125,13.385838476060371
11.21875,21.81902779950566
11.225,13.84523123813559
11.23125,29.183533295763034
11.2375,13.671289156479084
11.24375,-2.3283938442203023
11.25,0.2875083937041403
11.25625,-6.044480819425216
11.2625,-10.530222412424576
11.26875,-13.52168885519404
11.275,-18.74502343343579
11.28125,-18.030247782956685
11.2875,-9.050167386090092
11.29375,-9.976619992557978
11.3,6.0479869631288565
11.30625,7.033647210573722
11.3125,11.317527018324167
11.31875,5.237257203357014
11.325,12.172230810174003
11.33125,13.48969932843271
11.3375,12.044970447804058
11.34375,0.9403793217349659
11.35,2.8308025919442024
11.35625,-19.291191618811105
11.3625,-21.802827974360504
11.36875,-17.783697083578907
11.375,-18.922847047435454
11.38125,-21.931531745529966
11.3875,-14.411259163049063
11.39375,-8.289390313454
11.4,5.963090055806456
11.40625,10.373922350733535
11.4125,14.119345272933087
11.41875,17.516563094779325
11.425,8.762888237929179
11.43125,10.41862299420988
11.4375,7.534118310307329
11.44375,0.8509626838132682
11.45,-16.031417569770277
11.45625,-11.967714859348368
11.4625,-25.822748261156523
11.46875,-13.767906575339453
11.475,-24.185012458025504
11.48125,-17.93517141032021
11.4875,-5.0534064259746785
11.49375,-9.256391711128277
11.5,2.387123906074059
11.50625,4.7468489746695335
11.5125,14.600965169831715
11.51875,10.23064132016561
11.525,17.502184360301044
11.53125,21.037166159631415
11.5375,7.994982543760259
11.54375,10.129687297482892
11.55,9.003154725916902
11.55625,-9.510342340415548
11.5625,-1.438797690605142
11.56875,-20.912879091429346
11.575,-20.723318625186312
11.58125,-7.768981017024393
11.5875,-10.158901104206308
11.59375,6.234659261133615
11.6,8.106593527845096
11.60625,11.969451186641635
11.6125,15.543971203756307
11.61875,21.380174320976188
11.625,11.089870347727116
11.63125,27.14791673945701
11.6375,7.662316258811458
11.64375,-4.219902760606237
11.65,-2.3499187850928958
11.65625,-4.805395322283582
11.6625,-12.621460584075534
11.66875,-23.368020919021404
11.675,-11.675988833075484
11.68125,-8.944438157734382
11.6875,-9.46144496901995
11.69375,-6.483811326817873
11.7,6.849412301446648
11.70625,21.291727934863125
11.7125,18.190513997019142
11.71875,20.331442324827467
11.725,18.130010369742642
11.73125,24.79124742006718
11.7375,10.039194141381321
11.74375,1.5547992191055586
11.75,-8.846984159964078
11.75625,-2.8854860472199917
11.7625,-3.627732709161414
11.76875,-20.958233875964503
11.775,-17.500137098552248
11.78125,-6.732085664241838
11.7875,-18.409956303311066
11.79375,-13.685997627018002
11.8,-6.867749731628044
11.80625,13.96769705507052
11.8125,20.925953382985817
11.81875,18.059362932390133
11.825,10.56405988703815
11.83125,19.318875061658975
11.8375,2.1807671409443543
11.84375,-9.848665146612921
11.85,-5.227585910410008
11.85625,-26.105410791846467
11.8625,-17.78717839502176
11.86875,-12.303618560982839
11.875,-15.55899294879571
11.88125,-17.79114416913341
11.8875,-0.2267588501886184
11.89375,-11.540626776695381
11.9,0.6282840476730862
11.90625,5.388261981943845
11.9125,15.478456163105118
11.91875,18.66986271052312
11.925,11.373337051284125
11.93125,9.935591366677086
11.9375,3.8476896590191716
11.94375,8.943618144024354
11.95,-4.499773193838608
11.95625,-11.637010177062287
11.9625,-23.523156983287077
11.96875,-11.85869961170057
11.975,-16.523279869080152
11.98125,-17.143454850708437
11.9875,-3.755302863971343
11.99375,-7.591645879125566
12.0,-3.9110568366382785
12.00625,8.590631437163609
12.0125,26.490276884597456
12.01875,16.597935831863442
12.025,24.67494237366534
12.03125,17.218733135182916
12.0375,13.73423236513461
12.04375,8.493477607078802
12.05,-2.9358100640519256
12.05625,-19.12162959772162
12.0625,-10.594582431243314
12.06875,-12.955737539064094
12.075,-15.484306800077158
12.08125,-15.96933081891341
12.0875,-10.074290410743371
12.09375,0.8034373359988227
12.1,5.7010066040481195
12.10625,6.486457815621189
12.1125,24.64470611329792
12.11875,22.486201966985266
12.125,28.30913406564155
12.13125,10.58157629756478
12.1375,12.737985282504852
12.14375,1.033976334051225
12.15,-5.017151564314102
12.15625,-7.1194784027700155
12.1625,-17.394447336658253
12.16875,-25.465633765020023
12.175,-17.90467602663046
12.18125,-18.072965768716
12.1875,-5.586223378247863
12.19375,-3.7149948158732213
12.2,6.0718526231463965
12.20625,0.6475168005069545
12.2125,15.056364959988132
12.21875,9.372398072912631
12.225,15.793796732205326
12.23125,10.454894736404917
12.2375,8.00406753131694
12.24375,9.329325180771523
12.25,-10.37384139706889
12.25625,-9.653272867201395
12.2625,-17.9014325547927
12.26875,-16.651144155441685
12.275,-19.870832581043864
12.28125,-12.377950119488952
12.2875,-10.125391956004895
12.29375,0.8634184298995731
12.3,1.1165738375234144
12.30625,4.744539896877983
12.3125,10.88495333374137
12.31875,13.181244451584638
12.325,14.681908456998908
12.33125,7.613392808470335
12.3375,9.485199303425608
12.34375,7.118706941362785
12.35,-10.844970156483075
12.35625,-12.094511121575517
12.3625,-6.4376152112277545
12.36875,-22.183282028802807
12.375,-14.809980834287497
12.38125,-29.297092024111077
12.3875,-10.35930456675611
12.39375,-15.28871563831159
12.4,-1.9968577702872157
12.40625,13.612655930390705
12.4125,9.954073809155279
12.41875,13.582971784184569
12.425,11.991838562147432
12.43125,17.217200503670806
12.4375,11.986628349700966
12.44375,2.3041965136804006
12.45,-1.1946608311630085
12.45625,-5.962518923536728
12.4625,-19.372539095502777
12.46875,-10.939071292911947
12.475,-15.124737325728741
12.48125,-6.535771825078022
12.4875,-8.485976479999254
12.49375,-3.6878342452165613
12.5,-3.2299768519253536
12.50625,10.050742118727609
12.5125,4.102928177292036
12.51875,20.864977479160107
12.525,19.87430914909059
12.53125,9.827438039709888
12.5375,11.762879039519751
12.54375,8.728108345253258
12.55,3.3642411443499287
12.55625,-9.575230617610089
12.5625,-9.304332998088782
12.56875,-16.963414145691907
12.575,-22.610397135273892
12.58125,-10.094392249582679
12.5875,-11.70056588079106
12.59375,-10.57703040869216
12.6,11.26333182959787
12.60625,14.110110308581824
12.6125,7.154360573232708
12.61875,17.226671861297632
12.625,6.985106413547795
12.63125,30.439551884030074
12.6375,7.298690113290579
12.64375,6.8936812918524
12.65,2.638029846020946
12.65625,-18.90203179696335
12.6625,-10.957294756553509
12.66875,-14.643078154430757
12.675,-14.128104527915056
12.68125,-5.628667649782763
12.6875,0.9032763724648305
12.69375,-7.700988023366843
12.7,11.022279983579608
12.70625,10.007055422898901
12.7125,15.049666523552952
12.71875,18.365514322640635
12.725,23.49936151025594
12.73125,20.110538706038675
12.7375,8.709234400770608
12.74375,6.702448409060022
12.75,2.648956384802827
12.75625,-18.221550044945992
12.7625,-25.344978115026112
12.76875,-16.10783922453198
12.775,-18.799212460934893
12.78125,-20.57926704524551
12.7875,-7.556871053824111
12.79375,-4.868903568282766
12.8,6.645804928672604
12.80625,-2.1559409536101803
12.8125,23.35640100495924
12.81875,4.8046215479318874
12.825,6.910820879808227
12.83125,6.37260894269267
12.8375,5.639305692577482
12.84375,9.7821926569154
12.85,-0.7557360305307386
12.85625,-21.19634097785939
12.8625,-16.815014050429454
12.86875,-20.622821891382277
12.875,-22.12737422227116
12.88125,-15.849683358911648
12.8875,-21.152452754034798
12.89375,-3.7240043906373064
12.9,-0.9596604760611052
12.90625,7.027553648107448
12.9125,14.173752728759254
12.91875,8.639058241758768
12.925,11.297114827285755
12.93125,16.039259364519204
12.9375,12.257213740123206
12.94375,11.395781895242767
12.95,5.487897208857878
12.95625,-12.227563569019992
12.9625,-23.246367667081472
12.96875,-14.866204551207758
12.975,-16.62253628048135
12.98125,-9.757856778541202
12.9875,-1.7820356661394356
12.99375,7.945709147585234
13.0,0.044697088631291404
13.00625,2.5077196027343973
13.0125,31.794539780590817
13.01875,17.433217507400727
13.025,29.85230585953672
13.03125,23.37120392141997
13.0375,19.25235011516925
13.04375,9.753282912011688
13.05,2.7866510080031817
13.05625,-6.784348936536556
13.0625,-14.304766515819074
13.06875,-18.882525783292238
13.075,-20.215579663103505
13.08125,-15.35868847545591
13.0875,-1.812909813741256
13.09375,2.4331805361738903
13.1,6.611315365987165
13.10625,12.333731057528096
13.1125,31.138411004638833
13.11875,26.724173533236208
13.125,12.45004013825749
13.13125,27.313995673698546
13.1375,21.4189287075881
13.14375,1.718150620434912
13.15,0.5216196189102253
13.15625,-0.6203713509760798
13.1625,-17.586684529566607
13.16875,-9.935362559077097
13.175,-8.864809395476074
13.18125,-3.9308380562596312
13.1875,-2.8134564900176366
13.19375,6.952136099734011
13.2,1.693821170833432
13.20625,3.081894853529443
13.2125,10.50264431740398
13.21875,13.12458507305817
13.225,23.742280994028082
13.23125,19.209567717702136
13.2375,5.030976665629254
13.24375,9.195397122547764
13.25,-2.0558526725991157
13.25625,-17.403636959080394
13.2625,-12.483865627120174
13.26875,-15.426176208020038
13.275,-27.626303317440506
13.28125,-15.084587749730082
13.2875,-16.026397212145255
13.29375,-13.536650466648751
13.3,-3.4003356606058945
13.30625,11.01008773673385
13.3125,15.065792981459587
13.31875,19.829793317311825
13.325,19.577060130976633
13.33125,5.8541682036725256
13.3375,16.051674311524614
13.34375,0.747683329479519
13.35,-0.7128379193740502
13.35625,-12.601543143003502
13.3625,-23.582389326728077
13.36875,-25.281368463625405
13.375,-22.124458937384325
13.38125,-13.706281072783487
13.3875,-11.43075641931507
13.39375,-10.507085822180333
13.4,-1.2827880052340115
13.40625,10.726269472621288
13.4125,8.296411296358698
13.41875,12.579840724001807
13.425,12.883664693858393
13.43125,12.848048027575233
13.4375,9.21821788860781
13.44375,2.5807528149271235
13.45,-0.027883908721038075
13.45625,-6.748340622393462
13.4625,-10.426345051773252
13.46875,-24.836599589280763
13.475,-14.268864891041531
13.48125,-15.835849723193224
13.4875,-6.4699168459855425
13.49375,-7.505306775418704
13.5,6.167843643226784
13.50625,15.238663166954911
13.5125,13.012059418320135
13.51875,16.209979819305
13.525,10.294976988851774
13.53125,10.842960901496498
13.5375,11.977976137932838
13.54375,4.375249927278808
13.55,-0.5637358523061702
13.55625,1.2768248529527941
13.5625,-14.162152851499481
13.56875,-12.047768001473166
13.575,-21.773864465830798
13.58125,-15.927664864440997
13.5875,-14.10107227433193
13.59375,-5.016328849213889
13.6,14.96087518481184
13.60625,4.644821041118888
13.6125,19.60300923879591
13.61875,20.983488731958243
13.625,23.253908784093305
13.63125,9.49901088046779
13.6375,15.176392704829944
13.64375,8.263903359969305
13.65,-1.4274390303195084
13.65625,-11.789202600770608
13.6625,-15.501020939574737
13.66875,-7.471730737021949
13.675,-12.15229931607417
13.68125,-14.081228500323828
13.6875,-9.473495169121115
13.69375,4.841161039584593
13.7,5.889046636898001
13.70625,13.609387336177146
13.7125,25.24467539069424
13.71875,23.66532112897299
13.725,21.252111853069753
13.73125,25.005264094948416
13.7375,5.440910704603905
13.74375,8.356908339841215
13.75,-13.034020074047874
13.75625,-7.3032839392667235
13.7625,-11.374478318187023
13.76875,-20.570421110805313
13.775,-22.714759538268254
13.78125,-18.9064133413624
13.7875,-13.190863248021909
13.79375,6.307544275713456
13.8,-4.3817657171973
13.80625,6.0833779932974394
13.8125,4.586589871100509
13.81875,25.02584987466423
13.825,19.23736112776828
13.83125,17.489098248813818
13.8375,13.902107579396475
13.84375,0.6516538625595947
13.85,-1.0646352318193202
13.85625,-23.12334693928274
13.8625,-17.50995398527828
13.86875,-16.33900626400663
13.875,-22.848635225974135
13.88125,-24.751446851702152
13.8875,-3.308128543408337
13.89375,-2.83966859810206
13.9,3.7970247624780056
13.90625,8.911644874556869
13.9125,10.98889203465686
13.91875,17.02074811139479
13.925,21.038783220964582
13.93125,10.378366124840227
13.9375,12.547679251153
13.94375,-12.140839482183345
13.95,-10.698495391233251
13.95625,-5.478636548285882
13.9625,-26.24531569135442
13.96875,-18.171291515879084
13.975,-15.950368309358893
13.98125,-9.316697278358722
13.9875,-6.5822987574830165
13.99375,-2.2181489469145905
14.0,4.712705193282312
14.00625,9.929150780219254
14.0125,15.251416292895351
14.01875,16.623042889561688
14.025,18.203704281296226
14.03125,15.615950281159185
14.0375,7.401718167438662
14.04375,5.236778237285787
14.05,-17.289807595319697
14.05625,-5.86433920878301
14.0625,-15.115891040829746
14.06875,-5.993113045845165
14.075,-2.6275952401039895
14.08125,-16.91761673817429
14.0875,8.95444191925194
14.09375,0.19552941617426522
14.1,9.809606862364593
14.10625,5.273655629210005
14.1125,14.591644247486414
14.11875,24.853258290435875
14.125,30.115845517016325
14.13125,8.16924127253735
14.1375,8.980614196341833
14.14375,19.742165883684308
14.15,-6.666391730372667
14.15625,-9.693636555333674
14.1625,-19.385053686252014
14.16875,-13.483578303031958
14.175,-10.894791860937346
14.18125,-10.220227333970016
14.1875,-8.60764390948059
14.19375,0.3524932214603598
14.2,4.988556412941314
14.20625,10.69675660971911
14.2125,21.768136686438027
14.21875,12.813356951139554
14.225,13.733416521224289
14.23125,17.58719073500316
14.2375,10.462653532957386
14.24375,6.748322411583027
14.25,-6.145741734298742
14.25625,-9.521479636426346
14.2625,-11.428640994630989
14.26875,-18.805110466718794
14.275,-14.33706230833422
14.28125,-18.644520679092278
14.2875,-2.4468776481750076
14.29375,-3.95579960792268
14.3,10.499035323775374
14.30625,6.421772621403805
14.3125,4.311757049537636
14.31875,13.339665794761139
14.325,14.63341837901256
14.33125,15.46679725250234
14.3375,16.916849227230355
14.34375,4.768849932252853
14.35,-2.611771787794638
14.35625,-19.30502498469363
14.3625,-22.90765477309953
14.36875,-21.8808113722252
14.375,-21.159121971059115
14.38125,-16.29001809482622
14.3875,-22.267310008022648
14.39375,-13.299730439628181
14.4,-0.20549367466745916
14.40625,7.303191941724715
14.4125,4.972253447195422
14.41875,16.091550649854966
14.425,12.15363882600405
14.43125,9.198358699856552
14.4375,7.545258095297092
14.44375,-8.738488217786811
14.45,4.168228452348025
14.45625,-17.145083124717686
14.4625,-11.128126054361875
14.46875,-13.875445907079204
14.475,-12.477653442019095
14.48125,-10.902772601254576
14.4875,-7.411519304501801
14.49375,-0.25436725881991507
14.5,10.938302980387437
14.50625,13.940320833654992
14.5125,10.781507055215283
14.51875,23.175259414582705
14.525,11.892245805544679
14.53125,19.206828360883076
14.5375,3.3986093604366117
14.54375,-0.8986551757943158
14.55,-4.705867666967803
14.55625,-12.199872187364061
14.5625,-14.49599108405911
14.56875,-19.93111351975287
14.575,-12.759019940306004
14.58125,-15.879110586725933
14.5875,-4.2277719142593675
14.59375,-1.5997842392288808
14.6,5.001109887990449
14.60625,4.639178729447858
14.6125,23.806732767784926
14.61875,30.77249264008089
14.625,29.885859595513534
14.63125,15.704460357861825
14.6375,15.981999581930706
14.64375,12.987795381767558
14.65,-2.1724462741186636
14.65625,-14.764571740753162
14.6625,-5.134319626505098
14.66875,-18.81522036010802
14.675,-12.185373641873092
14.68125,-14.295436053585513
14.6875,-15.595492383902922
14.69375,6.391389944377192
14.7,0.15449694238563438
14.70625,8.2940114908592
14.7125,26.187672712470608
14.71875,13.43518797235152
14.725,21.054313695762026
14.73125,12.601054517534898
14.7375,14.437427864048374
14.74375,-0.2452238797005193
14.75,-0.9893726211753275
14.75625,-18.98087867971518
14.7625,-13.657063018286221
14.76875,-23.028921960478574
14.775,-20.393575087212902
14.78125,-15.9191894983076
14.7875,-6.6489040477746215
14.79375,-9.037730292150908
14.8,8.780484439846184
14.80625,3.1405015806813132
14.8125,2.5153488060332254
14.81875,8.810218560601006
14.825,17.63891889208628
14.83125,14.56624901445899
14.8375,9.959090280201135
14.84375,-6.29352520435736
14.85,-5.6185835198068705
14.85625,-16.49626927208362
14.8625,-14.266005963504632
14.86875,-25.930900524614934
14.875,-20.456240799805016
14.88125,-23.10900842728551
14.8875,-15.674360504425735
14.89375,-8.479250319106008
14.9,-9.572255265706776
14.90625,3.771796551875254
14.9125,15.25189425272642
14.91875,22.405992103516798
14.925,15.274385897290276
14.93125,7.854602037777048
14.9375,-2.33155605968996
14.94375,-4.891251749013665
14.95,-2.0299615836182423
14.95625,-14.552551701772678
14.9625,-10.792151816387127
14.96875,-29.36121340269601
14.975,-23.02537578495434
14.98125,-21.187003049453146
14.9875,-2.4945069688015367
14.99375,-11.666983322963212
15.0,3.96268632332207
15.00625,16.13494771922225
15.0125,13.238964210946873
15.01875,16.56601049033886
15.025,11.215456382574265
15.03125,25.340625921167135
15.0375,9.129936476363815
15.04375,-2.791298665740458
15.05,-0.035346194748674245
15.05625,-8.092343369328928
15.0625,-11.492920767062836
15.06875,-13.698108482153005
15.075,-16.781160528363554
15.08125,-14.13844271982475
15.0875,-14.508343626557036
15.09375,6.653578268863873
15.1,1.7585610728842775
15.10625,11.00204669313747
15.1125,18.700545059686945
15.11875,28.642902267369625
15.125,11.000755873154729
15.13125,20.046513125296077
15.1375,10.945998254680978
15.14375,13.55056040146547
15.15,-3.9708479411502755
15.15625,-8.636597972700946
15.1625,-19.178394096697804
15.16875,-22.678914011235054
15.175,-27.304103619564444
15.18125,-12.07182072478505
15.1875,-13.955514534386028
15.19375,-5.536467081893772
15.2,6.8117458782973905
15.20625,9.428792738036842
15.2125,10.299583673930922
15.21875,25.155279803095056
15.225,24.003197294626574
15.23125,12.345056290763447
15.2375,12.961714813851055
15.24375,0.46690775648877475
15.25,-3.1521260845311967
15.25625,-15.810624872184864
15.2625,-11.92458917629197
15.26875,-19.14558151587015
15.275,-14.967355243615655
15.28125,-20.606094822457177
15.2875,-15.404654744523095
15.29375,-9.800201569549648
15.3,-1.519503262296504
15.30625,8.182226743247307
15.3125,9.815895640724829
15.31875,14.285398145240677
15.325,11.048656312504175
15.33125,13.362499149914415
15.3375,8.135950614197956
15.34375,5.076392847165973
15.35,-5.844465931931175
15.35625,-2.808935555724741
15.3625,-21.698545082223877
15.36875,-11.131236878931606
15.375,-22.001374503065527
15.38125,-13.496272257932539
15.3875,-13.443540013899627
15.39375,-4.730565427286884
15.4,-1.188876524628122
15.40625,18.729314636330642
15.4125,14.864311640131753
15.41875,18.957168557775784
15.425,11.237606454742897
15.43125,18.551960802571276
15.4375,6.400095651572554
15.44375,-0.543923437527567
15.45,-11.213738210154778
15.45625,-8.730322941059468
15.4625,-12.839015644822261
15.46875,-10.917685419629843
15.475,-22.776594365030345
15.48125,-13.931347450942885
15.4875,-1.2866186018646395
15.49375,-1.2175517316404305
15.5,6.745433454039245
15.50625,15.402784812375193
15.5125,15.94566843966671
15.51875,14.931249276915006
15.525,10.860732695778925
15.53125,21.6854242388075
15.5375,13.72567545773243
15.54375,1.1863567792382832
15.55,-3.8989905466275685
15.55625,-3.042116282367352
15.5625,-16.692166970253403
15.56875,-15.373179649307763
15.575,-14.712155545181817
15.58125,-9.894806363955935
15.5875,-9.552851873325283
15.59375,3.9402704872170196
15.6,6.895954606972612
15.60625,11.51081017308031
15.6125,16.117687144258834
15.61875,23.106778140089627
15.625,19.402713895554115
15.63125,11.197383039969473
15.6375,16.261698260978143
15.64375,11.111144554354178
15.65,-8.207144756676321
15.65625,-8.16361271179087
15.6625,-4.65871562335616
15.66875,-19.95752481853552
15.675,-10.84095026288381
15.68125,-10.954739830126568
15.6875,-8.365506243536842
15.69375,5.832346130907599
15.7,6.737640699976666
15.70625,1.6025334569649208
15.7125,28.868484501802328
15.71875,22.646413691791366
15.725,19.330110871456217
15.73125,18.547123016897345
15.7375,14.02611761376827
15.74375,9.878554559224959
15.75,3.1701501931835114
15.75625,-7.223301700826482
15.7625,-6.418904423474773
15.76875,-1.2218444299419478
15.775,0.892395949825012
15.78125,-4.200194806917461
15.7875,6.248302954914918
15.79375,9.632996510011221
15.8,19.833785191504788
15.80625,19.25241898097292
15.8125,34.73341450427442
15.81875,37.97759818807856
15.825,36.718138604598145
15.83125,26.07457648807376
15.8375,30.460097289969546
15.84375,24.667060012551744
15.85,24.373516022413817
15.85625,18.95113478933527
15.8625,14.432321929213082
15.86875,12.009383271974823
15.875,17.026900595339992
15.88125,27.473001816245556
15.8875,32.097691798984854
15.89375,38.471658194364565
15.9,40.73500807497263
15.90625,57.092983724469825
15.9125,66.71444297691338
15.91875,71.28662765317023
15.925,73.29283136639101
15.93125,71.1284196599118
15.9375,72.06118149820615
15.94375,56.753804004473224
15.95,50.15232811379262
15.95625,47.767640832361835
15.9625,44.90172489941699
15.96875,46.51365471849629
15.975,40.89450643992558
15.98125,33.985718322825164
15.9875,51.98359652671748
15.99375,50.08852158068373
16.0,74.20641061650159
16.00625,71.02175382272887
16.0125,76.48584234906268
16.01875,88.84570942498127
16.025,84.17418315048127
16.03125,73.98597062634576
16.0375,65.07057880028151
16.04375,60.09910647194055
16.05,58.683781982444245
16.05625,42.851126908108455
16.0625,42.966022697913665
16.06875,46.09479818527375
16.075,31.950864812617397
16.08125,26.820575257443604
16.0875,45.38802381110884
16.09375,43.284639518898054
16.1,54.62092917839477
16.10625,50.20445142515558
16.1125,62.86308158608642
16.11875,61.46125343153037
16.125,67.83521197792203
16.13125,58.068118560088934
16.1375,55.74119360378483
16.14375,38.47606257432218
16.15,27.98628094122188
16.15625,16.99827777015237
16.1625,11.543575322995359
16.16875,-5.855974847636876
16.175,0.21512961498490668
16.18125,10.7020700703136
16.1875,22.03273875676152
16.19375,9.124775519099472
16.2,13.824718290853973
16.20625,23.27242672095118
16.2125,38.69892048365514
16.21875,31.04117861247766
16.225,26.642501092254093
16.23125,27.749854880504486
16.2375,24.80048439940127
16.24375,16.84176194119739
16.25,2.23658488309073
16.25625,-16.441998229140157
16.2625,-6.8982586132609605
16.26875,-18.014980978966783
16.275,-13.939493064127776
16.28125,-17.57893893867647
16.2875,7.034515219549296
16.29375,3.561059291323503
16.3,0.20885919287074284
16.30625,-4.481469530768047
16.3125,17.930702078922852
16.31875,18.67294670680096
16.325,14.85921641390334
16.33125,15.026298823348798
16.3375,3.2206835327017087
16.34375,3.9276882128438286
16.35,0.7855849017328856
16.35625,-10.182033577200587
16.3625,-4.690950116541212
16.36875,-26.36028998886806
16.375,-16.711606113130674
16.38125,-18.523746555201704
16.3875,-16.57164101328492
16.39375,5.075020570641497
16.4,-2.779960220539012
16.40625,6.0917134196152185
16.4125,21.508220021422208
16.41875,-0.0035741071787690204
16.425,11.102689426961032
16.43125,26.150776948563337
16.4375,7.898412468836169
16.44375,1.8903759185846516
16.45,-4.330612233682819
16.45625,-5.547159547750131
16.4625,-22.26025889370347
16.46875,-21.357416810699252
16.475,-17.247308221654343
16.48125,-12.071982036277083
16.4875,-9.412872876765032
16.49375,3.9951699034591273
16.5,-7.596285716263545
16.50625,4.558287429568535
16.5125,16.048070733322994
16.51875,22.08111357542546
16.525,32.278530739309026
16.53125,14.313622323431268
16.5375,14.12026049297869
16.54375,10.040318450074235
16.55,-4.298964422064502
16.55625,-21.254235104388083
16.5625,-21.41476603769227
16.56875,-18.06775348754958
16.575,-19.947692771632408
16.58125,-14.274594323402425
16.5875,-8.523035532139339
16.59375,-0.2801171634686028
16.6,7.413736478819502
16.60625,12.986416461088144
16.6125,25.672741394306545
16.61875,19.001869761243427
16.625,30.37020422443163
16.63125,20.95684504954041
16.6375,13.425867734422331
16.64375,-2.6532872354831074
16.65,-1.9161555735063376
16.65625,-8.720176755077519
16.6625,-12.020456656909273
16.66875,-10.793338841653155
16.675,-18.148897728182003
16.68125,-13.622664124931845
16.6875,-6.530423147216296
16.69375,7.112291463743981
16.7,7.7239792670704235
16.70625,12.125220858330412
16.7125,10.645620064695427
16.71875,18.990925212568424
16.725,22.191918243851795
16.73125,17.578761762764923
16.7375,17.51606024647685
16.74375,5.160848418279552
16.75,-3.060802773362249
16.75625,-12.104815539416682
16.7625,-13.440016382327718
16.76875,-10.570521084536907
16.775,-26.45317682359233
16.78125,-8.1953975210982
16.7875,-3.002094983742188
16.79375,-1.6284381528026561
16.8,5.905334176154826
16.80625,2.1253080885011046
16.8125,20.846230299382526
16.81875,10.843467492834804
16.825,16.86464894581285
16.83125,9.17131030930256
16.8375,11.528198893029174
16.84375,5.326358560482618
16.85,-5.515502057677305
16.85625,-4.809402385387426
16.8625,-38.41015073327108
16.86875,-25.515403667628682
16.875,-17.99487776622609
16.88125,-16.576369671050912
16.8875,-14.777297391799136
16.89375,-2.4589394095842967
16.9,8.710834579339977
16.90625,9.787218812395803
16.9125,13.139696894873742
16.91875,16.03800987939437
16.925,1.9873962902971978
16.93125,4.284148844068985
16.9375,6.429360658192901
16.94375,6.913565087897861
16.95,-15.530116457190973
16.95625,-10.341920221839613
16.9625,-22.41751240006412
16.96875,-11.436866496075076
16.975,-12.62488198341183
16.98125,-14.657282558373803
16.9875,-7.218483025336441
16.99375,-1.3324309147253555
17.0,4.764276683603415
17.00625,8.820084028660514
17.0125,18.564160811960004
17.01875,8.373826576975253
17.025,18.45933367896735
17.03125,17.956039518492677
17.0375,-1.1381423690220804
17.04375,3.72678570568125
17.05,-2.3560057160000354
17.05625,-11.332067696064334
17.0625,-10.690985707618784
17.06875,-17.82303453362994
17.075,-13.55529059148411
17.08125,-21.509086697457
17.0875,-5.001202917854538
17.09375,6.057629494479535
17.1,-0.8237246687896622
17.10625,15.209057343520204
17.1125,19.783622926976733
17.11875,15.346700748140474
17.125,17.334757367552577
17.13125,11.954192024383392
17.1375,16.745287898081017
17.14375,0.10257276558280015
17.15,-5.988172082874807
17.15625,-12.042825932853628
17.1625,-4.1138553345676545
17.16875,-12.953667201436463
17.175,-10.682931326754604
17.18125,-15.558981100993167
17.1875,4.881247646185907
17.19375,-6.439435543324518
17.2,0.30558559512074535
17.20625,12.606593601663503
17.2125,21.93281608361141
17.21875,13.886773358869608
17.225,26.741714787826908
17.23125,18.192947049340145
17.2375,11.667907600420435
17.24375,11.883507398117471
17.25,4.537993000340438
17.25625,-12.558589372935664
17.2625,-9.867174846591247
17.26875,-20.473958617723262
17.275,-19.218871810498133
17.28125,-8.271652400003166
17.2875,-23.339844489451487
17.29375,-5.1306249417214795
17.3,-3.1471169210724685
17.30625,15.337851607481047
17.3125,19.308200520190923
17.31875,4.961314682825851
17.325,10.636745980407659
17.33125,4.128762523297384
17.3375,18.738890973975042
17.34375,-0.6412773159792762
17.35,-12.205582137854623
17.35625,-11.302543752138908
17.3625,-11.88385226336537
17.36875,-25.426647833116707
17.375,-12.583781321499256
17.38125,-17.25544495941649
17.3875,-5.828787902299107
17.39375,-11.8149468710142
17.4,8.780729676549143
17.40625,9.829113881207642
17.4125,15.605993808694365
17.41875,11.580086077730662
17.425,2.4342007286531686
17.43125,13.462300656923091
17.4375,11.530632741277397
17.44375,-2.7351349680602146
17.45,-11.59023490497503
17.45625,-9.786096858631332
17.4625,-23.446663595774957
17.46875,-21.726312721315082
17.475,-14.032402919155299
17.48125,-12.088938028485503
17.4875,-8.395426978900645
17.49375,-4.131657423203914
17.5,-2.4216260316982643
17.50625,17.820992603635
17.5125,12.5704853086144
17.51875,24.86922134045376
17.525,14.644365206894161
17.53125,15.095428691625974
17.5375,6.0488197956445955
17.54375,0.3894248892010168
17.55,-5.7491557047889295
17.55625,-0.38894942774053654
17.5625,-11.617927830648535
17.56875,-10.90456387741467
17.575,-15.630964737132238
17.58125,-14.61969558554382
17.5875,-2.80513197992778
17.59375,7.71649488396957
17.6,8.185246036767689
17.60625,15.033867936544627
17.6125,24.49007260480377
17.61875,24.155026146356445
17.625,24.151273255263447
17.63125,18.41114254220206
17.6375,13.879048317682695
17.64375,9.443676561845628
17.65,3.0284059810959034
17.65625,-8.86272044973115
17.6625,-13.700803830124304
17.66875,-14.507710112309967
17.675,-21.431747994096693
17.68125,-11.114783032680497
17.6875,-11.94522463984721
17.69375,1.3942206950528182
17.7,2.143853992098887
17.70625,12.889395378810379
17.7125,17.702435686036782
17.71875,21.78591262096371
17.725,22.05944528499115
17.73125,14.93708981132975
17.7375,8.166104021450035
17.74375,10.66098587284857
17.75,1.8306228740800439
17.75625,-13.359550030713706
17.7625,-17.57606511060802
17.76875,-15.768653339626514
17.775,-17.414773063060558
17.78125,-37.04743709810725
17.7875,-10.976034903511344
17.79375,3.189957179166404
17.8,-5.026425856684574
17.80625,7.368819266716351
17.8125,18.763026189129526
17.81875,16.666334351055035
17.825,12.089947640741379
17.83125,20.363465727640204
17.8375,10.457995434168176
17.84375,-6.444820316542614
17.85,-3.5125091677161775
17.85625,-21.53913461204425
17.8625,-23.914726283611152
17.86875,-19.998006710855503
17.875,-22.238432053820556
17.88125,-20.41592756917374
17.8875,-12.83085251261375
17.89375,-4.958999808873774
17.9,-6.601893186706601
17.90625,8.747148846775637
17.9125,15.722803350295834
17.91875,17.012475106186976
17.925,8.096660140626978
17.93125,10.499550828412826
17.9375,9.14881334199244
17.94375,1.894398512545994
17.95,-5.472113312318473
17.95625,-10.907077298835262
17.9625,-6.0583118736322845
17.96875,-23.869755176325082
17.975,-14.096170236548794
17.98125,-19.518236778002944
17.9875,-8.472119324845632
17.99375,-3.674086513169729
18.0,-1.956465497566204
18.00625,11.727889597186472
18.0125,31.51857120661886
18.01875,17.47439881873495
18.025,19.787816999221054
18.03125,20.49505432862411
18.0375,1.3256439565176983
18.04375,8.961159046892881
18.05,-10.322029319744857
18.05625,-12.93633750052766
18.0625,-9.36888671084886
18.06875,-18.72546577555677
18.075,-8.708023380456837
18.08125,-21.217992223567805
18.0875,-15.328875932108595
18.09375,9.601466066138828
18.1,-5.362220273650125
18.10625,3.78411991484656
18.1125,22.721948397724283
18.11875,22.67798691213583
18.125,21.982210876214225
18.13125,21.325336678632176
18.1375,11.23288935374087
18.14375,17.916369750009405
18.15,-16.625366210821714
18.15625,-8.59082144655966
18.1625,-21.50501744648357
18.16875,-14.551175178005888
18.175,-10.009549046080025
18.18125,-4.847412891593579
18.1875,-12.220705036661652
18.19375,-4.711546419724671
18.2,-6.505615611387009
18.20625,18.254708567445846
18.2125,15.615731645114362
18.21875,13.663775639501653
18.225,19.1125926871747
18.23125,-2.949898702834279
18.2375,13.304957493920313
18.24375,-2.925101940901208
18.25,-6.563562314987754
18.25625,-14.577982368768268
18.2625,-6.843721411360054
18.26875,-18.950616878175595
18.275,-24.002838985126196
18.28125,-19.84933240786903
18.2875,-9.253972987925449
18.29375,-14.511720872570459
18.3,2.225785715814288
18.30625,4.205607608073322
18.3125,19.42279868247857
18.31875,17.19852370421057
18.325,7.302417543111181
18.33125,14.592648614309123
18.3375,4.203102198517168
18.34375,-0.33336873737486794
18.35,-5.299182151655497
18.35625,-11.758710832373144
18.3625,-23.97411752966929
18.36875,-16.664946504702762
18.375,-22.133086680122226
18.38125,-17.986691143560574
18.3875,-17.450312127820517
18.39375,-8.421265878853841
18.4,-0.6174272963903127
18.40625,18.285058471552986
18.4125,-1.4141017751401979
18.41875,17.498411520988334
18.425,17.664696398396078
18.43125,19.04173784477033
18.4375,6.415122249893137
18.44375,-0.1364252009717366
18.45,-8.09888428300431
18.45625,-3.1852272804135033
18.4625,-13.917507568142714
18.46875,-24.944303657721644
18.475,-25.132947730962883
18.48125,-17.005487092587213
18.4875,-7.225574875197609
18.49375,-2.7189617644178137
18.5,4.02340475886086
18.50625,13.849307125510123
18.5125,13.56330855060141
18.51875,28.927299363194194
18.525,20.292508620300257
18.53125,13.872145446272238
18.5375,8.825940235705907
18.54375,17.057041707239378
18.55,2.157643913875315
18.55625,-9.703858205176498
18.5625,-5.561950925369947
18.56875,-8.144522414735329
18.575,-15.932604999440633
18.58125,-12.972873574115255
18.5875,-10.2749676167175
18.59375,4.283321355045683
18.6,0.8757074338342701
18.60625,20.16282063768131
18.6125,18.31704170283873
18.61875,16.544306215034275
18.625,23.601074237407865
18.63125,26.653734338335504
18.6375,14.091102268860121
18.64375,2.912841734149607
18.65,0.24396984311434222
18.65625,-3.8440307334576844
18.6625,-11.25191240068696
18.66875,-9.532913778296967
18.675,-11.141842398902176
18.68125,-23.534465751498747
18.6875,-15.214798022780222
18.69375,5.767610218632403
18.7,-2.134464124956045
18.70625,8.784202137856937
18.7125,4.641068880382315
18.71875,26.150967794305288
18.725,24.445910421261427
18.73125,18.15878542674471
18.7375,8.605733599972387
18.74375,-1.2690626762287587
18.75,0.7607776232863381
18.75625,-4.664620120779994
18.7625,-13.56828494219496
18.76875,-23.420336109117713
18.775,-26.873966392414964
18.78125,-14.588593255742861
18.7875,-6.1438298920264485
18.79375,-4.8554637957850835
18.8,1.9055223236900747
18.80625,11.711568136127234
18.8125,9.006804374899103
18.81875,3.0780375186860347
18.825,14.629689652916015
18.83125,10.166273196539212
18.8375,10.536994699963362
18.84375,5.131283398283519
18.85,-0.7570177564893505
18.85625,-8.21876480490318
18.8625,-20.962102262075184
18.86875,-26.973114128776974
18.875,-18.663217953853927
18.88125,-10.670723656708116
18.8875,-6.315715694959133
18.89375,-5.539512578583902
18.9,-0.8502595755420197
18.90625,3.645482807661763
18.9125,2.4935972642232045
18.91875,13.121259134237405
18.925,19.474424176312525
18.93125,8.286163110328843
18.9375,13.67941720114219
18.94375,1.4332509849502086
18.95,-8.116381419008391
18.95625,-0.4586482564682637
18.9625,-15.393416196185038
18.96875,-17.724849857102413
18.975,-29.200081681179846
18.98125,-19.56821878830879
18.9875,-14.074130884193863
18.99375,-6.247704041819413
19.0,-4.608404435405697
19.00625,6.982022243923181
19.0125,8.164754492966125
19.01875,11.23669739046746
19.025,21.145763653065703
19.03125,21.004992552213928
19.0375,11.025584704433275
19.04375,11.2410572080749
19.05,-1.7367793702017253
19.05625,-7.58531652460963
19.0625,-8.928349689055882
19.06875,-17.57424736685308
19.075,-7.386795971321322
19.08125,-10.243915165480601
19.0875,-5.390476595006991
19.09375,-0.6572015315744837
19.1,10.93578254215057
19.10625,15.741490575708745
19.1125,12.843297946723842
19.11875,22.930752961795896
19.125,16.333324419525532
19.13125,14.442514995833633
19.1375,18.014966908963004
19.14375,2.479055333216269
19.15,-1.8965325046685246
19.15625,-2.0225073913290865
19.1625,-19.439066794880617
19.16875,-14.42232417217546
19.175,-12.125425662159468
19.18125,-18.432708683114488
19.1875,2.6075618885267904
19.19375,-10.340855180820641
19.2,0.3671784009309276
19.20625,3.043353585497645
19.2125,14.949791081258503
19.21875,21.399003460610082
19.225,20.339939895029694
19.23125,11.309422435762707
19.2375,16.455272924264833
19.24375,8.339228467926374
19.25,-4.258578325707018
19.25625,-10.632556076886045
19.2625,-14.046122994696427
19.26875,-18.223144439034744
19.275,-14.910817693771513
19.28125,-15.488517884564823
19.2875,-0.47762919094098955
19.29375,-7.192351398627066
19.3,-1.4320038592779336
19.30625,7.307681753523747
19.3125,0.5874447413927602
19.31875,22.04783065461227
19.325,16.357001794793256
19.33125,14.311470564880562
19.3375,-3.5675307772340847
19.34375,4.64180412269029
19.35,-7.229726778395156
19.35625,-9.331512329078599
19.3625,-22.42482306429947
19.36875,-12.194362114402859
19.375,-23.50550875481052
19.38125,-19.515737953876386
19.3875,-9.996387432212465
19.39375,-9.055652958854337
19.4,3.017084273066748
19.40625,5.021505689144701
19.4125,12.011121698920581
19.41875,12.095793916579431
19.425,14.955464249044137
19.43125,12.6349221321873
19.4375,15.768320256795716
19.44375,3.177383343277617
19.45,-1.9963169648067143
19.45625,-24.72936541512852
19.4625,-25.663249121053838
19.46875,-25.55108239529052
19.475,-16.917029521946482
19.48125,-7.582535607234613
19.4875,-13.577766569786762
19.49375,-10.495971640393808
19.5,3.30676676630816
19.50625,10.131810554266748
19.5125,12.375241563289284
19.51875,7.669910061991601
19.525,17.534894661377386
19.53125,19.430674203212202
19.5375,5.349013600700572
19.54375,-4.859175359284201
19.55,-3.0813315054557506
19.55625,-2.4754959244633667
19.5625,-1.1122704267374939
19.56875,-4.440967408835036
19.575,-21.82202947026089
19.58125,-18.339809426712407
19.5875,-18.85725035686537
19.59375,5.870684142928194
19.6,2.9487571301454185
19.60625,20.11610684037645
19.6125,18.364011855233034
19.61875,14.822696672034294
19.625,17.292937783407126
19.63125,7.930987660587194
19.6375,-0.01643531756275607
19.64375,5.035617362962037
19.65,7.713580748689056
19.65625,-6.117839195604056
19.6625,-17.376117726145395
19.66875,-14.043319408176654
19.675,-12.189576024823907
19.68125,-4.267926631631775
19.6875,-1.27245120138127
19.69375,5.338839334390132
19.7,0.5998244577225167
19.70625,14.072620341429221
19.7125,19.723493732966105
19.71875,13.048829400546044
19.725,25.5957700902375
19.73125,12.203216263678069
19.7375,12.69346769721896
19.74375,5.6133357998346405
19.75,0.4075755956220277
19.75625,-16.05645419001516
19.7625,-0.8882046394942762
19.76875,-12.352940272836882
19.775,-16.88792575495977
19.78125,-26.325187254560483
19.7875,-7.397168981140278
19.79375,-4.578819405459409
19.8,1.8249581142302653
19.80625,16.827332040193284
19.8125,14.86378445613998
19.81875,14.3939902813326
19.825,18.233130544430033
19.83125,19.68850021311945
19.8375,6.898761518687748
19.84375,7.351106139767147
19.85,1.3163162721754702
19.85625,-14.471498795600585
19.8625,-13.360224648134574
19.86875,-22.352629299286793
19.875,-20.035644285494744
19.88125,-15.657730711718418
19.8875,-12.235963465394379
19.89375,-3.157638457231968
19.9,0.26986153117188083
19.90625,-1.0743831778221988
19.9125,9.430350993910281
19.91875,8.580146815241598
19.925,21.52651390220185
19.93125,20.191336730366586
19.9375,5.563993223415641
19.94375,-2.029416903104095
19.95,-0.02041469069225066
19.95625,-11.195343629476927
19.9625,-3.444806889347289
19.96875,-21.51762769678749
19.975,-23.300392977855626
19.98125,-5.0749264350059455
19.9875,-12.474665480602923
19.99375,-3.2780239570016207
