time_s,eyes_open_uv,eyes_closed_uv
0.0,1.2031322931759232,-7.0330349484255015
0.006249999999999645,1.6869006908427897,-3.4328970325394987
0.01249999999999929,3.31906078320577,-2.252186748785806
0.018749999999998934,6.443107273210316,-2.7201331404332922
0.02499999999999858,11.176349205990494,-3.8616135455943637
0.031249999999998224,16.471266480760683,-7.393005329057912
0.03749999999999787,17.97496307844635,-13.761567383534569
0.04374999999999751,11.117769163633131,-19.197816106262383
0.04999999999999716,-1.2988848073418024,-21.67379928119406
0.0562499999999968,-9.40000500216729,-25.45676030816383
0.06249999999999645,-7.512206727560817,-33.652456275500036
0.06874999999999609,-0.6327045136727416,-40.40710236227736
0.07499999999999574,3.2802609223381434,-38.14479761285271
0.08124999999999538,3.0038860751410335,-29.378207673180025
0.08749999999999503,2.805355632776017,-22.53495315081757
0.09374999999999467,4.368013205705527,-18.705780833168014
0.09999999999999432,4.547775733290833,-12.607761472598428
0.10624999999999396,2.0946226415344253,-4.073949865097563
0.1124999999999936,1.474199109435209,2.323334843936033
0.11874999999999325,5.563447526103901,5.829061891832085
0.1249999999999929,9.40407572366174,7.654733940426614
0.13124999999999254,7.82797717885094,5.764369020852385
0.13749999999999218,4.460439554276505,-0.4704761698625415
0.14374999999999183,4.87889688979503,-7.185754362810368
0.14999999999999147,6.15281747861081,-12.609584053029222
0.15624999999999112,2.8160442023685546,-18.942802858513186
0.16249999999999076,-2.320399464410482,-25.506101731542646
0.1687499999999904,-2.8133114906318455,-28.552328263199865
0.17499999999999005,0.9561501154262939,-28.051025973416632
0.1812499999999897,3.5188833179699377,-26.33003958553914
0.18749999999998934,3.002961171604803,-22.312142931993087
0.193749999999989,2.595924591071858,-14.287109329054385
0.19999999999998863,4.119631553354684,-4.225364195566872
0.20624999999998828,4.882911584433671,4.50660569619853
0.21249999999998792,3.585544185383091,9.447579872853654
0.21874999999998757,3.874727171519797,9.970535895524979
0.2249999999999872,7.0588070455560485,8.566275611489644
0.23124999999998685,8.634372645058527,7.347065455890462
0.2374999999999865,6.738393113662647,3.8112632078061175
0.24374999999998614,4.473517888725877,-4.654315458151766
0.2499999999999858,1.894014268361901,-14.36301376970052
0.25624999999998543,-2.924808291284808,-19.303489837469336
0.2624999999999851,-6.170853737924705,-19.893189906664894
0.2687499999999847,-3.6057501869805004,-21.667585323597613
0.27499999999998437,-0.02514070392142287,-25.853678533875993
0.281249999999984,-2.241510975831794,-27.763572346195033
0.28749999999998366,-7.129971716034093,-24.322130037408414
0.2937499999999833,-6.589949180776891,-16.916370595220684
0.29999999999998295,-0.2730952652762304,-7.582117994285877
0.3062499999999826,4.858929834735779,2.3530263773643085
0.31249999999998224,4.71897352795019,10.953540503640665
0.3187499999999819,1.7349519973747975,15.951565464944894
0.3249999999999815,-0.26563793418792203,15.356278626173438
0.33124999999998117,-0.4832779428994267,8.55409051476532
0.3374999999999808,-0.05325306319640277,-1.4886032538710303
0.34374999999998046,0.32327097514761194,-10.108239157651376
0.3499999999999801,-0.08043634641889996,-16.326305236133933
0.35624999999997975,-2.374149084280308,-22.159078600439422
0.3624999999999794,-6.107244042712836,-26.936314059357766
0.36874999999997904,-9.050610972291132,-27.767210064953304
0.3749999999999787,-10.145239032695054,-24.582770689166697
0.38124999999997833,-10.692027517055777,-19.792363740729698
0.387499999999978,-11.199543118525218,-14.66806741287755
0.3937499999999776,-9.03436123009997,-9.278325374268569
0.39999999999997726,-2.1832759757220668,-3.4643018500949108
0.4062499999999769,5.782054324744362,3.223271900898226
0.41249999999997655,8.390283685250296,9.377695655573897
0.4187499999999762,4.278864022342221,11.053161316926252
0.42499999999997584,-0.6437369044186342,7.182637887283562
0.4312499999999755,-0.7986090902575635,2.0454258258927904
0.43749999999997513,1.917727482510333,-1.192335689110834
0.4437499999999748,2.2953256573653107,-4.156242528214161
0.4499999999999744,-0.03132015601668492,-8.70494718796139
0.45624999999997407,-2.4977303620632565,-14.458847601787818
0.4624999999999737,-5.2041887925944375,-20.30649290446929
0.46874999999997335,-7.794326562678712,-23.88848210029016
0.474999999999973,-6.918903741749751,-22.6800716848939
0.48124999999997264,-2.6500151573518558,-17.904784953342546
0.4874999999999723,-0.44707088268431205,-12.93290295913231
0.49374999999997193,-3.0408540095016203,-7.664864344414541
0.4999999999999716,-6.281710144629318,0.818001829567713
0.5062499999999712,-4.857098469420213,11.813061686664877
0.5124999999999709,1.1854673488233534,19.04592579736254
0.5187499999999705,6.46235514456945,18.473582124652353
0.5249999999999702,6.336808023546948,15.55467788230569
0.5312499999999698,2.666114702446639,17.25671492514154
0.5374999999999694,1.5846270647507268,19.118525609497937
0.5437499999999691,4.831322114188773,11.555197676258178
0.5499999999999687,7.046634986721128,-3.43809577496814
0.5562499999999684,4.202222936403638,-14.578058440854376
0.562499999999968,-0.395466551814024,-17.52962786512805
0.5687499999999677,-2.6575397593984746,-16.966100129300962
0.5749999999999673,-4.19038607576832,-15.194488174466024
0.581249999999967,-6.673316411749135,-9.649493281698128
0.5874999999999666,-5.928183753530922,-0.788532294940449
0.5937499999999662,1.559802438879339,6.543119467515137
0.5999999999999659,10.821056733325694,10.186663981255343
0.6062499999999655,13.69583231884262,12.345165289371433
0.6124999999999652,9.50944113100643,14.677859065586503
0.6187499999999648,5.563442429163871,17.182179852342607
0.6249999999999645,7.136604531479139,19.384275837507346
0.6312499999999641,10.451848795491676,19.085215140484124
0.6374999999999638,8.798782905178005,14.491615651836423
0.6437499999999634,3.214695692865686,8.330119625413158
0.649999999999963,0.2643266194612932,4.509423811975456
0.6562499999999627,1.0776985092918423,2.3751483091737198
0.6624999999999623,1.4688401472123704,-1.3113776324269772
0.668749999999962,0.4992050841932877,-7.156756347782403
0.6749999999999616,0.07609844564506052,-12.215411036599395
0.6812499999999613,-0.17717383472375947,-12.477904482193608
0.6874999999999609,-0.9885719918911474,-6.551716849837014
0.6937499999999606,-1.228473317349919,2.0212609729532804
0.6999999999999602,-0.7107095824958297,8.473344976157888
0.7062499999999599,-0.5233740969315847,12.97320571979445
0.7124999999999595,-0.4592750817586888,18.2805688745357
0.7187499999999591,0.6639125358891603,22.100220622165086
0.7249999999999588,2.57874906365238,19.682538932859007
0.7312499999999584,3.1356855071480902,13.048920994868446
0.7374999999999581,1.4925110795476453,7.988578503683798
0.7437499999999577,-0.10825437950278438,3.9525661343296337
0.7499999999999574,-0.8940801279190351,-2.9363248862942246
0.756249999999957,-3.747801587970341,-10.686640477983874
0.7624999999999567,-8.995493975775197,-14.53051404510851
0.7687499999999563,-12.230404680538495,-14.570548266335829
0.774999999999956,-11.133357463299422,-13.74486349842278
0.7812499999999556,-8.3036206481117,-12.4926548845549
0.7874999999999552,-6.263807309102074,-9.2932693445163
0.7937499999999549,-4.427212639354277,-3.397921133535343
0.7999999999999545,-1.5801373993431593,4.607220505622881
0.8062499999999542,1.7075411108455496,12.566247785976744
0.8124999999999538,4.213291678497709,16.9068595317379
0.8187499999999535,5.59275799743067,15.887995234864523
0.8249999999999531,5.202422543040571,12.327679264221835
0.8312499999999527,1.447220072070377,9.511384134194962
0.8374999999999524,-5.0943983960514965,5.973748893175504
0.843749999999952,-10.06208493319684,-0.6565567404067965
0.8499999999999517,-10.387391080808246,-7.915677078478465
0.8562499999999513,-8.613172060383517,-12.446249083819714
0.862499999999951,-8.491124213657155,-14.886182010878665
0.8687499999999506,-9.48347925121726,-16.28795102912304
0.8749999999999503,-9.030164040195253,-15.543574372653662
0.8812499999999499,-6.761035538113974,-12.539387362544266
0.8874999999999496,-4.063520669382059,-8.01191548918655
0.8937499999999492,-2.357179900566763,-0.4582595487643082
0.8999999999999488,-2.258556021625677,10.69004034969156
0.9062499999999485,-2.4011234711315934,19.788077278988034
0.9124999999999481,-0.7910710080457757,20.17219269837382
0.9187499999999478,1.5250437719074614,14.618527667763598
0.9249999999999474,1.7315646452198932,12.326414690677192
0.9312499999999471,0.04601606863924479,14.835816504517211
0.9374999999999467,-1.4876937985400205,14.262847426808856
0.9437499999999464,-3.2508289457810022,6.455828239390388
0.949999999999946,-5.95108551593041,-3.6046673460036374
0.9562499999999456,-7.184180476618781,-10.20428971945414
0.9624999999999453,-5.426612758069627,-12.73615504277057
0.9687499999999449,-4.47511872581416,-13.539198751930709
0.9749999999999446,-7.9764897568592765,-14.784035188879715
0.9812499999999442,-12.129120386885042,-15.863285721690577
0.9874999999999439,-10.492315923393654,-12.546220320654058
0.9937499999999435,-3.567633112220018,-1.8060516963858735
0.9999999999999432,2.524490672476404,12.264771515247366
1.0062499999999428,4.134330867241738,20.77251067243685
1.0124999999999424,2.8672734413493117,19.866919230296148
1.018749999999942,2.7463446281815767,15.505749399769767
1.0249999999999417,5.72567231893385,15.266700473054561
1.0312499999999414,8.881005982651445,17.922530021890708
1.037499999999941,7.931226837045959,15.787977173836191
1.0437499999999407,4.125085744041384,6.4386143510172245
1.0499999999999403,3.458796335748376,-3.3902365325106913
1.05624999999994,7.428979952219051,-7.66239452966256
1.0624999999999396,9.7037317150088,-8.969027993471846
1.0687499999999392,5.12704836158795,-11.642167495183445
1.074999999999939,-2.7289026219486634,-13.317163097781226
1.0812499999999385,-6.507931211418075,-10.13588073020188
1.0874999999999382,-3.8299311855054095,-4.166315936837537
1.0937499999999378,1.700221244705642,1.0949144683104652
1.0999999999999375,5.607801479017391,7.031286708853557
1.1062499999999371,6.62975241670083,15.403502331387244
1.1124999999999368,7.128452380274286,22.200182322002135
1.1187499999999364,9.939480063969595,22.94958210977371
1.124999999999936,13.683052642515703,20.691811200157858
1.1312499999999357,13.427241476139674,20.38312321187752
1.1374999999999353,7.97960141944221,18.62381345588251
1.143749999999935,1.724510465001921,9.348043672429831
1.1499999999999346,-2.4652982120202944,-3.2896480915431194
1.1562499999999343,-5.250477737610154,-9.513337174755222
1.162499999999934,-6.168899707441209,-9.162381234165796
1.1687499999999336,-4.6988581616312315,-10.402448466709656
1.1749999999999332,-2.9965965933926046,-14.074261029522336
1.1812499999999329,-1.789931959351281,-11.738408387390992
1.1874999999999325,0.6985343630594321,-1.5357650128072349
1.1937499999999321,3.822672065754334,6.865149423488809
1.1999999999999318,5.921307010708989,8.325259142800473
1.2062499999999314,8.094948638843066,10.205211312444481
1.212499999999931,10.084582585770471,17.8851062254023
1.2187499999999307,9.240048744821404,24.829690414504615
1.2249999999999304,7.216730839316826,23.681112337277625
1.23124999999993,8.122671449002047,17.107284761766465
1.2374999999999297,9.768379639323735,11.83678847256408
1.2437499999999293,6.896316834479676,8.980156942928147
1.249999999999929,1.1617095085315248,4.743249095287523
1.2562499999999286,-1.4042368134687766,-3.316680050783667
1.2624999999999282,-0.8568517043684576,-13.253363880685011
1.2687499999999279,-2.8090856817403367,-20.193701531370735
1.2749999999999275,-7.806403682689416,-20.41476005823496
1.2812499999999272,-9.402564100514432,-14.554059322432728
1.2874999999999268,-4.630647975831329,-6.4452842876727745
1.2937499999999265,0.9742243918908156,0.6483230917431717
1.299999999999926,1.46861388645019,5.7768779734010876
1.3062499999999257,-1.8456894747828927,9.49753370445285
1.3124999999999254,-3.352042529083942,12.770863805422593
1.318749999999925,-0.9753079052525169,15.90729922487641
1.3249999999999247,1.8692434556182793,17.180348797315997
1.3312499999999243,2.311455396129346,13.171438841065982
1.337499999999924,1.7258865216433443,3.307372646497053
1.3437499999999236,1.7639680856760869,-6.300896933300618
1.3499999999999233,1.6910705749209933,-8.886436446922687
1.356249999999923,0.28645699499696287,-6.93089402458364
1.3624999999999226,-3.5983587289723964,-8.57820823034054
1.3687499999999222,-9.60827102472072,-14.708231765715784
1.3749999999999218,-13.104573861827308,-18.467375664336927
1.3812499999999215,-10.360994498861967,-16.487302607342386
1.3874999999999211,-6.097244127860566,-11.945041729998154
1.3937499999999208,-6.662905258437315,-7.643151723140555
1.3999999999999204,-8.640080367211754,-2.675924718490874
1.40624999999992,-5.02636695655182,4.03115323618542
1.4124999999999197,2.0041683060055666,10.491867396821238
1.4187499999999194,5.340697101929305,13.827954036228606
1.424999999999919,3.991273362689201,14.224631524448053
1.4312499999999186,1.2510779881294651,13.204416848468835
1.4374999999999183,-1.2349222537839661,9.568966681541681
1.443749999999918,-2.4398875582115287,1.8690942953939071
1.4499999999999176,-1.9669735010614993,-7.506697280034425
1.4562499999999172,-2.177356738487745,-14.789279333168256
1.4624999999999169,-4.792711727317016,-18.503928163998157
1.4687499999999165,-7.797931040115086,-19.4884034273516
1.4749999999999162,-9.286787799705369,-19.882264873180283
1.4812499999999158,-10.28051911777138,-20.045686910415363
1.4874999999999154,-11.02797696326593,-15.98290421729777
1.493749999999915,-8.26789874531945,-5.350076099505289
1.4999999999999147,-0.09919254920704201,6.135874432822217
1.5062499999999144,7.988092104810595,11.935814583854325
1.512499999999914,7.991671107892459,14.154442072955728
1.5187499999999137,1.43377305731132,17.969457700308713
1.5249999999999133,-1.0164812448870446,21.823204252537487
1.531249999999913,5.234168118269613,20.650509352071822
1.5374999999999126,11.65115695227251,14.455329222623424
1.5437499999999122,8.800233198202944,7.2419734689746935
1.549999999999912,-0.4367112699500073,0.5210375473725408
1.5562499999999115,-5.811878509839899,-7.059696868276337
1.5624999999999112,-4.569843906192888,-15.243587135241668
1.5687499999999108,-2.8093956294817257,-20.71259111916538
1.5749999999999105,-3.572259678465086,-20.167742191708083
1.5812499999999101,-3.9184069339136696,-13.90323016200415
1.5874999999999098,-2.2832106195397373,-5.848917924596376
1.5937499999999094,0.5940976030676679,0.25368852169287126
1.599999999999909,4.836449831920376,4.294221230277298
1.6062499999999087,9.054199860677631,9.03654369284257
1.6124999999999083,10.03178526600502,16.136235926214535
1.618749999999908,8.492136039784311,22.945801007693454
1.6249999999999076,8.707404479773425,24.20660916131345
1.6312499999999073,10.764664230585616,17.986620814489413
1.637499999999907,10.328679941114764,8.276351628142773
1.6437499999999066,6.415056714757145,0.19227212880261124
1.6499999999999062,2.530068239850135,-5.265023187046822
1.6562499999999059,0.3264179238459781,-9.96521414543193
1.6624999999999055,-1.733742486482457,-14.216550640851633
1.6687499999999051,-3.277512629944217,-16.316892580324772
1.6749999999999048,-1.7286724911940925,-15.843486060085786
1.6812499999999044,1.3191805444465248,-13.962639411430736
1.687499999999904,0.44628094900192394,-10.490391273382151
1.6937499999999037,-3.980590927462312,-4.439488730488808
1.6999999999999034,-4.668089988575295,3.102699009653879
1.706249999999903,0.8159157095930054,9.989895967074233
1.7124999999999027,5.418393034308546,15.212817466481923
1.7187499999999023,3.0019267963401117,18.24899596950872
1.724999999999902,-2.935365859885341,18.512833504069604
1.7312499999999016,-3.878368279965298,15.83599780200574
1.7374999999999012,2.6941737854307686,10.54782350773895
1.7437499999999009,9.47371601546182,3.772451678172397
1.7499999999999005,8.406250164777736,-3.498395944241966
1.7562499999999002,0.6871011139271677,-11.61994590753688
1.7624999999998998,-6.919966339265169,-19.28579874622564
1.7687499999998995,-10.630873050593262,-21.69409705622993
1.774999999999899,-9.120633402607856,-17.136928757888573
1.7812499999998987,-2.6829388239951344,-11.030838250836792
1.7874999999998984,2.910452008961152,-7.479893128764924
1.793749999999898,1.942804336748707,-3.131680352848055
1.7999999999998977,-1.2493143940051152,5.173096682275583
1.8062499999998973,0.9539527016411216,13.917937883105985
1.812499999999897,5.755195078648937,18.60540672237129
1.8187499999998966,4.691896598761245,19.7757542346178
1.8249999999998963,-1.6355757516831269,19.758528301439604
1.831249999999896,-4.5001607577925204,17.220344362230897
1.8374999999998956,-1.1243197254337143,9.284738047667313
1.8437499999998952,1.548045140383389,-1.4022118115965574
1.8499999999998948,-1.5901526601629739,-7.966653297900878
1.8562499999998945,-6.624667222332963,-9.965055391513204
1.8624999999998941,-8.424537347788188,-14.470052428215574
1.8687499999998938,-8.339639012742214,-22.708889357652126
1.8749999999998934,-9.618687226292858,-25.488650475848097
1.881249999999893,-11.173898251326397,-17.339392981125233
1.8874999999998927,-10.326166601198286,-6.222884328878738
1.8937499999998924,-7.476052465221855,-2.460050059973147
1.899999999999892,-4.227995452121428,-4.002630634752315
1.9062499999998916,-0.13769275524333136,-0.6821760196328
1.9124999999998913,4.802351755498392,9.349716517161704
1.918749999999891,7.5401937262436896,17.112375506519015
1.9249999999998906,6.01835203245939,17.076668953198222
1.9312499999998902,2.9708268217451366,13.214883583576706
1.9374999999998899,1.8186665973346656,9.565898246471198
1.9437499999998895,1.4714884203179328,5.118389902418993
1.9499999999998892,-0.6731120709668994,-1.1436056256769662
1.9562499999998888,-3.2972013168734566,-7.996016369208061
1.9624999999998884,-4.17310771949257,-14.106571657341535
1.968749999999888,-5.161277092943893,-17.70371665929732
1.9749999999998877,-7.722916201033244,-16.49582477134211
1.9812499999998874,-8.185720341788247,-10.740978340535861
1.987499999999887,-3.598562880519223,-4.008372153363208
1.9937499999998867,2.9696666869989174,0.3523926350105171
1.9999999999998863,7.09041916458467,2.0516394473207473
2.006249999999886,8.393192828285546,3.669119604062881
2.0124999999998856,9.445163517693464,8.526850767724543
2.0187499999998852,11.902009975073241,16.64412876288304
2.024999999999885,14.097643666517744,22.006852508013694
2.0312499999998845,12.413474602788128,18.074347907666926
2.037499999999884,6.766860729558082,7.630083338854913
2.043749999999884,2.5943707828511373,1.0264431377568948
2.0499999999998835,2.9988177869449184,1.33989395808448
2.056249999999883,2.8362205613067273,-1.2599138304843915
2.0624999999998828,-2.443408065382939,-13.84845423592894
2.0687499999998824,-7.562748001382901,-26.900204888409746
2.074999999999882,-5.787566851104463,-26.534265617511444
2.0812499999998817,-0.3749154714990607,-14.598002495811343
2.0874999999998813,1.5270001501372905,-3.6411491931233457
2.093749999999881,0.43006648216050714,2.998212153284384
2.0999999999998806,1.3505739843593865,11.339656281794749
2.1062499999998803,4.5210997259107835,20.967725868382466
2.11249999999988,6.865549576329442,24.435566744966934
2.1187499999998796,8.03418640492647,20.486301858240807
2.124999999999879,8.45162314632817,15.402764831405914
2.131249999999879,5.771187617649342,12.824581204742513
2.1374999999998785,-0.6400939433529684,10.310031381861739
2.143749999999878,-5.937871686396898,4.213685800596009
2.149999999999878,-6.107061902540474,-5.792150007634358
2.1562499999998774,-3.688454203438714,-16.015112397282195
2.162499999999877,-2.72291990950101,-21.80455891530332
2.1687499999998767,-2.4490078832732682,-21.276093421121324
2.1749999999998764,-0.14848153839020783,-16.411908678086135
2.181249999999876,2.9444764527376925,-11.30272399657753
2.1874999999998757,3.4896521774140172,-7.982105834913609
2.1937499999998753,2.526901211487081,-4.091838800948512
2.199999999999875,3.771876360025451,3.096008456537409
2.2062499999998746,6.213779225810031,12.25226605151295
2.2124999999998742,6.421492927692783,19.73517654704083
2.218749999999874,6.0633649251668364,22.739031321379088
2.2249999999998735,7.881646983414844,20.09010681417638
2.231249999999873,8.607436020629583,13.257021874121358
2.237499999999873,5.021956253486875,5.451730840819229
2.2437499999998725,0.6553575401708445,-2.2096869426420342
2.249999999999872,-0.5336719724069399,-10.056523997549645
2.2562499999998717,-0.0297041903235038,-15.683999450105164
2.2624999999998714,-0.4607269601836661,-16.735081205138524
2.268749999999871,-1.1839263743276138,-15.835689988470508
2.2749999999998707,-0.7747605048201969,-15.788080779855015
2.2812499999998703,-1.4698717671746864,-14.278399799140887
2.28749999999987,-6.344903326604659,-9.56354987465858
2.2937499999998696,-11.046770719668269,-4.4882338882297
2.2999999999998693,-7.330074887309108,0.025443872379620203
2.306249999999869,2.456586553899484,7.196975687247443
2.3124999999998685,6.811206032226808,16.34894339132218
2.318749999999868,2.7601192703847945,20.489820229044433
2.324999999999868,-1.7277195083464614,15.742098685197657
2.3312499999998675,-2.4135973652347955,7.532905185604443
2.337499999999867,-2.346217221298838,2.741970460495068
2.3437499999998668,-3.1055733437310655,-0.12316527026521973
2.3499999999998664,-3.5378715963210823,-6.137344703519308
2.356249999999866,-3.812751840351729,-13.292870033304421
2.3624999999998657,-4.1897033765794935,-16.01483400655175
2.3687499999998654,-4.294412832420931,-15.737778595939883
2.374999999999865,-5.185131632200109,-17.581039124591737
2.3812499999998646,-6.6302170038856145,-19.531606506287485
2.3874999999998643,-5.006564921727009,-14.934317585564717
2.393749999999864,0.08697207695253345,-4.1286601777741865
2.3999999999998636,2.738719750331848,4.773963436099205
2.406249999999863,0.2876409275051819,7.054261302302166
2.412499999999863,-1.7102613450022708,7.232253487044055
2.4187499999998625,-0.11830349285791575,11.077666445860439
2.424999999999862,-0.322653207177097,15.487876054905264
2.431249999999862,-4.988106080274039,12.560999555295608
2.4374999999998614,-7.163334191360503,3.027129567050149
2.443749999999861,-2.1324647643090096,-4.061586722450223
2.4499999999998607,4.0287138797896755,-5.971071232243347
2.4562499999998604,4.455920783471914,-8.384333243251001
2.46249999999986,0.5878952829015254,-13.189458346611252
2.4687499999998597,-2.6433832627959912,-17.302224407144823
2.4749999999998593,-2.8623039969502484,-19.822088719717414
2.481249999999859,-1.2601143273456148,-19.393794978764667
2.4874999999998586,-1.317671948044986,-12.861186295474173
2.4937499999998582,-3.5270224957409675,-3.152967574231095
2.499999999999858,-3.725796350231884,2.5876457170836495
2.5062499999998575,-1.0518884209922732,4.408909656724308
2.512499999999857,0.47048312296309724,8.591572562108354
2.518749999999857,1.1468300020035835,16.842138284552693
2.5249999999998565,4.754466160236717,23.787498474564487
2.531249999999856,8.628297479235066,23.19914575038027
2.5374999999998558,6.804570244117709,13.656433070729733
2.5437499999998554,0.83861891256293,0.13766337113159732
2.549999999999855,-2.121483024104746,-9.510609154537972
2.5562499999998547,0.14913459165161191,-12.006277418537326
2.5624999999998543,2.2956714230761617,-12.089604007897746
2.568749999999854,-0.90436104572363,-15.346301892754584
2.5749999999998536,-7.1777046188604565,-18.954063337478583
2.5812499999998533,-9.686527893528748,-15.906207183442286
2.587499999999853,-6.2224293142274405,-7.112481294431385
2.5937499999998526,-1.0910334565194577,0.13770128579700724
2.599999999999852,2.3984341002438083,4.407787920978096
2.606249999999852,6.136987886645371,10.039919258161854
2.6124999999998515,11.723895510553318,17.00009978205845
2.618749999999851,15.266862227422292,21.021671384402907
2.624999999999851,12.00295272544761,20.963860049796665
2.6312499999998504,3.7690042645414428,18.014827852333188
2.63749999999985,-2.72945025783344,12.07869518180331
2.6437499999998497,-4.079304650055852,4.977965159447763
2.6499999999998494,-2.789543771578215,0.42215367010393445
2.656249999999849,-2.576476949762988,-3.3914786160342896
2.6624999999998487,-4.194619366690648,-11.470156263613855
2.6687499999998483,-5.647377762007702,-20.412309460828716
2.674999999999848,-4.904789006665193,-21.01555926638142
2.6812499999998476,-2.6624383387888,-12.484787339058116
2.6874999999998472,-1.476476633717727,-2.6535514414575276
2.693749999999847,-0.7628819959902764,3.8623027474580285
2.6999999999998465,3.479372320175375,7.889834104578728
2.706249999999846,10.200219116576967,9.796646805246622
2.712499999999846,11.158533343096739,10.413579583437832
2.7187499999998455,3.8218771560979854,13.273708591235794
2.724999999999845,-2.0515580446346653,17.878024091525383
2.7312499999998447,1.2505412551548418,17.18698098513671
2.7374999999998444,7.326283816183572,8.615530536376772
2.743749999999844,5.483012706573482,-0.9469684784247523
2.7499999999998437,-3.9264567707855678,-6.360430458430329
2.7562499999998433,-10.235427181620864,-10.967997457658868
2.762499999999843,-7.104156166335118,-17.565583274440076
2.7687499999998426,-1.1984850452737186,-21.763068452282766
2.7749999999998423,-2.1416587547724064,-19.44013490823081
2.781249999999842,-8.749258757131654,-13.878132717435196
2.7874999999998415,-12.42392031580012,-10.50289832973262
2.793749999999841,-9.232148161332907,-8.784351134998413
2.799999999999841,-2.0327874635946834,-3.5583973048129627
2.8062499999998405,4.011484707339641,7.002483366322256
2.81249999999984,4.245123010598978,18.001528132749122
2.8187499999998398,-1.2003430240489488,23.198189954299117
2.8249999999998394,-5.223907729509602,21.27601323119105
2.831249999999839,-2.324110239737858,15.367730275470132
2.8374999999998387,2.588675441476603,8.627081338673733
2.8437499999998384,1.0203439038184934,1.8599938601925867
2.849999999999838,-6.834835818112711,-5.172449700823122
2.8562499999998376,-13.438286046928775,-11.701517919463623
2.8624999999998373,-14.060408451429534,-17.024610566972527
2.868749999999837,-10.24270589689889,-21.527197320091407
2.8749999999998366,-5.533797915878006,-23.339281093035453
2.881249999999836,-1.6991563369518696,-18.568490565826295
2.887499999999836,0.6575589403866469,-8.903540132689912
2.8937499999998355,0.500885695607209,-1.7749142090728376
2.899999999999835,-1.5459791644990706,0.3491817092678735
2.906249999999835,-2.025571332116206,2.0917435504928266
2.9124999999998344,0.19351372114016918,6.008319961354527
2.918749999999834,1.8760076039989189,10.462330722203367
2.9249999999998337,2.13239432979263,14.139505526828104
2.9312499999998334,3.717157414115262,15.167114653096196
2.937499999999833,5.522864071346898,10.670661823454282
2.9437499999998327,3.4450773171659255,1.8378524980250193
2.9499999999998323,-1.1643918061748766,-6.079352630073849
2.956249999999832,-3.7046182800434906,-10.806566049120118
2.9624999999998316,-4.531273889168987,-15.075953911793583
2.9687499999998312,-6.249402871717283,-20.449210343353325
2.974999999999831,-7.084883191086053,-23.549082939942455
2.9812499999998305,-4.094299256569541,-20.277898080663867
2.98749999999983,1.015813547427323,-10.840475685906561
2.99374999999983,4.149768318142028,0.3080286587094516
2.9999999999998295,4.392313472145024,7.951452572778226
3.006249999999829,4.2939576947440345,10.688397621500807
3.0124999999998288,5.448072772842267,12.264260175221969
3.0187499999998284,6.425870585274171,15.748737678509057
3.024999999999828,5.744819155072092,18.044743064093947
3.0312499999998277,4.365810169421963,14.655412956673276
3.0374999999998273,4.0122440702694675,7.655861872537724
3.043749999999827,4.1747139181076065,2.9480417739052482
3.0499999999998266,2.1484012128319643,1.3224809739951853
3.0562499999998263,-2.1720025072512787,-1.7114717076041415
3.062499999999826,-3.7285850960326643,-8.394524681836785
3.0687499999998256,0.376184204141061,-15.273400619525516
3.074999999999825,4.499501194600297,-16.754665889947688
3.081249999999825,2.4570157035960687,-11.282635616239487
3.0874999999998245,-2.1192983434640897,-3.6420821094795914
3.093749999999824,-0.9210389896770907,1.2242283129638505
3.099999999999824,6.234896226688662,4.857319686412751
3.1062499999998234,10.73998474779483,11.197060549054822
3.112499999999823,7.3194689732510225,18.697637776222166
3.1187499999998227,1.1587364682626875,22.167280386514577
3.1249999999998224,0.14150374747965833,20.135511916823926
3.131249999999822,3.6262241293745925,15.543590547898415
3.1374999999998217,4.258576198920471,11.140819224666444
3.1437499999998213,-0.013142176637455094,7.426061073846512
3.149999999999821,-3.09516192270498,3.1794866551477576
3.1562499999998206,-1.8164902574996074,-2.98820470114069
3.1624999999998202,-1.0561455784217508,-10.12654062050316
3.16874999999982,-3.476013188851878,-15.290651775103859
3.1749999999998195,-3.748633468076565,-16.71179732268517
3.181249999999819,0.9727286182567816,-14.218601852274121
3.187499999999819,4.29670597211363,-8.011816298410693
3.1937499999998185,1.1906993098381213,0.3385027322993952
3.199999999999818,-2.7085466896321693,7.969896172883708
3.2062499999998177,0.006126169895113387,13.774874214340086
3.2124999999998174,6.0972950290640435,18.935626884947432
3.218749999999817,7.170811140129483,22.894452521949233
3.2249999999998167,4.105027350888371,21.814486858127648
3.2312499999998163,4.98480678468362,14.167651471773983
3.237499999999816,9.837941302913192,5.243177729737252
3.2437499999998156,9.83245127236195,1.0083695448931351
3.2499999999998153,2.695955619346978,-0.9099096589472353
3.256249999999815,-3.3229677131419812,-7.482825790118255
3.2624999999998145,-3.2294515635831873,-17.88676720179177
3.268749999999814,-1.6148236965414577,-22.94923449432458
3.274999999999814,-2.6704731604163223,-18.57537525062731
3.2812499999998135,-3.8053568076229047,-10.762388027443668
3.287499999999813,-1.3697698811632897,-4.743314369901547
3.2937499999998128,3.767161666170474,0.4992187076172876
3.2999999999998124,7.439760840494947,4.949364769733587
3.306249999999812,6.906312636602374,6.668214548150861
3.3124999999998117,4.016727784027214,8.705764098552882
3.3187499999998114,2.438944605975162,15.108549231828995
3.324999999999811,2.7188266800894154,21.410980129796485
3.3312499999998106,2.812545357272858,19.211650638746537
3.3374999999998103,1.2705411963670685,8.127823407907112
3.34374999999981,-2.1922809995582657,-3.389905315153303
3.3499999999998096,-6.376870665649786,-7.700579178172312
3.356249999999809,-9.251999786650936,-6.4121455576080795
3.362499999999809,-11.056574141575208,-8.934338676938328
3.3687499999998085,-13.240196082229183,-19.67045609965258
3.374999999999808,-14.418168192965128,-29.296414372062753
3.381249999999808,-13.139426302126388,-26.51504610669537
3.3874999999998074,-11.888037595094891,-14.162447209808132
3.393749999999807,-11.7329900294271,-3.985319903272952
3.3999999999998067,-8.061143437731936,-0.7697175622902331
3.4062499999998064,1.0422814592561864,0.2658063227775562
3.412499999999806,7.888412819420741,4.918904125522939
3.4187499999998057,4.962914278527575,12.723656887184967
3.4249999999998053,-3.0127652470518034,16.709553545413304
3.431249999999805,-5.633602155398319,12.323060727016859
3.4374999999998046,-2.062470146005315,4.96667768765735
3.4437499999998042,-0.22063284690748852,1.953250340676365
3.449999999999804,-2.990576611534243,0.3823237925392807
3.4562499999998035,-5.314965440002618,-6.932304107929353
3.462499999999803,-4.312460069459548,-17.099359467560262
3.468749999999803,-3.3404861431166464,-20.89297600429104
3.4749999999998025,-4.9738571041232955,-18.05471293170281
3.481249999999802,-5.882154366724734,-15.942468662781792
3.4874999999998018,-2.198272219737424,-14.783957353164691
3.4937499999998014,2.4882933965973546,-7.513959542355947
3.499999999999801,1.9298608252960068,5.566496881640845
3.5062499999998007,-0.41369518392634586,14.753046624567283
3.5124999999998003,3.5009795116255056,16.143559351295714
3.5187499999998,9.45761324702247,16.852236953724777
3.5249999999997996,7.071753891303469,20.475869690438614
3.5312499999997993,0.20296796784469007,19.651362211695574
3.537499999999799,0.7333640366989194,10.040197427321425
3.5437499999997986,6.939214700370829,-0.42561165164415193
3.549999999999798,7.8122373974315815,-4.420980200888283
3.556249999999798,2.0154188195037004,-5.564439182353947
3.5624999999997975,-3.2307452094717126,-8.29417840703703
3.568749999999797,-4.68599997591201,-9.260808622198413
3.574999999999797,-4.075138806572505,-5.739686505754296
3.5812499999997964,-2.143990656112228,-1.8006542225522235
3.587499999999796,2.198720391644991,-0.47216949887439374
3.5937499999997957,7.758547560713785,1.2715283985656693
3.5999999999997954,9.805736598331038,6.252076001359481
3.606249999999795,6.867818587878536,12.62465017218759
3.6124999999997947,4.722709360762589,16.93130252567311
3.6187499999997943,7.244245653447508,17.769607987769803
3.624999999999794,9.81545242963565,16.865688125351426
3.6312499999997936,8.391473625520444,16.8141466830367
3.6374999999997932,6.101835632944938,16.2836148607186
3.643749999999793,5.116052735671857,10.842305959173508
3.6499999999997925,2.091270891940697,0.9866272617789829
3.656249999999792,-3.427332923430056,-6.979772458521019
3.662499999999792,-6.134110989691183,-10.976142517814349
3.6687499999997915,-4.359073725247674,-15.059882666654794
3.674999999999791,-2.868127340369866,-18.581245575982695
3.6812499999997907,-3.4017204726992865,-15.335609630179096
3.6874999999997904,-1.5390849896515957,-6.103328509504421
3.69374999999979,3.893087001159777,1.4743394406241968
3.6999999999997897,6.812402184392402,6.335787107709747
3.7062499999997893,3.8091668462450246,13.256128883894698
3.712499999999789,0.520832422581778,20.434998394887096
3.7187499999997886,2.3278020613864885,21.235675776973196
3.7249999999997883,5.862385777367997,15.61658362060784
3.731249999999788,5.735552558225228,9.514486484173714
3.7374999999997875,2.4438919195579425,5.345517699907068
3.743749999999787,-1.0280184107880381,0.07859582155815481
3.749999999999787,-3.3297056855486042,-8.19251267832491
3.7562499999997865,-3.296037987550797,-16.171117326049806
3.762499999999786,-0.9966740939921732,-19.282655504580084
3.7687499999997858,-0.1428530553564149,-17.657489238704656
3.7749999999997854,-3.403897858062586,-15.468647036775998
3.781249999999785,-7.022286208064267,-14.878944545484359
3.7874999999997847,-6.08037938899277,-13.492645327678094
3.7937499999997844,-2.1859544585569304,-7.9736156261121
3.799999999999784,0.4116915514698716,1.247813332509677
3.8062499999997836,2.311017841552853,9.287779212114703
3.8124999999997833,6.049448334796312,12.217496516981319
3.818749999999783,9.939005435286184,12.432125634595637
3.8249999999997826,10.120243744585244,13.912130859451393
3.831249999999782,5.611263092598773,13.930964485127221
3.837499999999782,-0.9164680048900342,7.609639042623032
3.8437499999997815,-5.634423229128654,-1.362801043358071
3.849999999999781,-7.452058060280724,-4.796877587482628
3.856249999999781,-8.796615032797835,-3.882440479746368
3.8624999999997804,-10.281191577395635,-8.15210149249262
3.86874999999978,-8.834413644646009,-19.15750456329986
3.8749999999997797,-4.236266894201491,-25.7806333363812
3.8812499999997794,-0.558591957588674,-20.131168675614862
3.887499999999779,0.6990362349098231,-9.075586429793104
3.8937499999997787,0.7271601478134779,-3.3231867557319923
3.8999999999997783,-1.3865128279589827,-1.708221829568087
3.906249999999778,-5.174775047150896,4.778028595427999
3.9124999999997776,-5.700819908716018,16.507332580426585
3.9187499999997772,-0.5262492968615742,23.226231797624038
3.924999999999777,6.138246541469887,19.422403790256258
3.9312499999997765,8.856891430951327,11.554751609243697
3.937499999999776,5.951560058356357,6.249343330014156
3.943749999999776,0.2905539767422415,0.846927033746612
3.9499999999997755,-2.686519268953859,-8.305281581626675
3.956249999999775,-0.9919754677073367,-16.663036075360885
3.9624999999997748,0.18036501112036873,-18.207710414857537
3.9687499999997744,-4.45182111647395,-15.045670015855354
3.974999999999774,-10.586399528516994,-12.781937311027505
3.9812499999997737,-8.986434259028204,-11.236116988690696
3.9874999999997733,-0.232621484448313,-7.245231470925371
3.993749999999773,4.952418304593006,-2.2981055751543122
3.9999999999997726,2.4369068298605003,0.7463797616819434
4.006249999999772,0.19840414788682192,4.7187924275623345
4.012499999999772,3.655644931899191,13.31632241741615
4.018749999999772,7.016743507937233,22.2197715140232
4.024999999999771,4.262931464065595,23.870351816154077
4.031249999999771,-0.4013730398068833,18.634104442501133
4.0374999999997705,-0.38267378926749285,12.170973071117483
4.04374999999977,1.427614912660503,5.1872033757095855
4.04999999999977,-0.9983294344016052,-4.4166557988502335
4.056249999999769,-4.076508650639741,-13.577932579712387
4.062499999999769,-1.6805287730339562,-17.420254525021033
4.068749999999769,1.4678558709377771,-16.651166332346076
4.074999999999768,-1.7693903731930325,-15.23925779297299
4.081249999999768,-6.947406170663081,-13.634856793915667
4.087499999999768,-5.729184219391528,-8.753808473200596
4.093749999999767,0.3878406503371641,0.12436791346503417
4.099999999999767,3.75467457446705,9.29242123589356
4.106249999999767,1.923369885449525,15.629400487457943
4.112499999999766,-0.6043029753217666,19.998896208828352
4.118749999999766,0.6414854502492648,23.807440338343866
4.1249999999997655,4.470055840017272,25.428197255789417
4.131249999999765,6.235267543589162,21.899851363116866
4.137499999999765,4.678429523097019,12.989218569163654
4.1437499999997645,3.618395887761622,2.5105313579824085
4.149999999999764,5.352190248439471,-5.087326574468005
4.156249999999764,5.718378791831321,-8.757807051826342
4.162499999999763,0.37400843687136476,-10.695288594617505
4.168749999999763,-6.6301588843939,-13.37606910694885
4.174999999999763,-7.727347323850347,-16.58568509034196
4.181249999999762,-2.75979424963137,-16.77053468616181
4.187499999999762,2.8902297714915335,-11.414582519961424
4.193749999999762,6.725678945630361,-3.124421966870556
4.199999999999761,8.189411812389828,4.131215854072338
4.206249999999761,5.8319809880536635,9.872153823972374
4.2124999999997605,1.7406848838885547,14.34554091973654
4.21874999999976,1.4139394186049732,16.095737147210727
4.22499999999976,4.824987489105554,15.551005698945453
4.2312499999997595,5.433940137785731,14.348478561282098
4.237499999999759,0.8163959318127887,10.438979311046477
4.243749999999759,-4.038039450879433,2.0017824706805696
4.249999999999758,-5.3563563410648145,-6.281868722886474
4.256249999999758,-4.55776716452257,-9.532633042104317
4.262499999999758,-3.957798263612786,-10.725678785092324
4.268749999999757,-4.44562011476278,-14.798302659007339
4.274999999999757,-5.528921156928402,-19.894256639900462
4.281249999999757,-5.2431394290152715,-20.56367206775623
4.287499999999756,-2.7631937891321696,-14.881363745336795
4.293749999999756,-0.1619305786414461,-4.899825872370364
4.299999999999756,0.8885045652766199,4.744748409747941
4.306249999999755,1.4659744534996024,8.593852450236414
4.312499999999755,2.7856773648763764,6.898735995772849
4.3187499999997545,3.8422311902479676,6.782007460485577
4.324999999999754,3.298868584930687,11.046235545781782
4.331249999999754,1.8863441353413077,13.22602762277489
4.337499999999753,0.35263586754150833,8.633208713726347
4.343749999999753,-2.419786522232007,1.06330629795682
4.349999999999753,-5.286872810319394,-5.1175393519037735
4.356249999999752,-4.116603557564674,-11.064949850805071
4.362499999999752,-0.10845608534124596,-18.87171310361211
4.368749999999752,-0.35515813582833733,-26.610577368125043
4.374999999999751,-5.69533145193544,-30.13017616465172
4.381249999999751,-8.683972151962582,-27.107122867917408
4.387499999999751,-6.065143636592409,-18.321555047679194
4.39374999999975,-2.1333511216871526,-6.963186368510373
4.39999999999975,0.2709814674489883,2.9624394746090417
4.4062499999997495,2.429858451748781,9.85440225284993
4.412499999999749,4.784402873875853,15.057402730948349
4.418749999999749,5.358655285214853,18.05636420713241
4.4249999999997485,2.0327029411878783,15.914342011946864
4.431249999999748,-4.442225290103839,9.818600273574607
4.437499999999748,-8.928229885729873,4.452520032855549
4.443749999999747,-6.673027435853609,-0.1481297037070699
4.449999999999747,-0.417833649824938,-7.073821272009007
4.456249999999747,1.8703953765661936,-14.489572316464235
4.462499999999746,-2.870705483875018,-18.26033244057279
4.468749999999746,-9.027842522930754,-19.683555689320848
4.474999999999746,-9.360372969637963,-22.237139960266404
4.481249999999745,-2.828399047665974,-22.699095148003803
4.487499999999745,5.1724304074711265,-13.978125969209412
4.493749999999745,8.506093982819824,1.9410021182975576
4.499999999999744,6.2934944210856765,13.243277550285018
4.506249999999744,3.7655396997323285,14.965869391056454
4.5124999999997435,5.457865254913814,15.5542885877584
4.518749999999743,8.739805549268505,20.88875973214552
4.524999999999743,8.390247971015079,24.11026488385137
4.531249999999742,5.170034386858061,17.9262102666453
4.537499999999742,3.391761679713351,6.291917589898333
4.543749999999742,2.9450257519347507,-1.9455507224424682
4.549999999999741,0.8511599777576528,-4.335231617720486
4.556249999999741,-2.4975183749460106,-5.868260293401322
4.562499999999741,-5.1090235870089025,-10.962864175155513
4.56874999999974,-7.568577662118252,-16.90967017121808
4.57499999999974,-9.795218006966122,-17.793289518897215
4.58124999999974,-8.15488713695358,-13.563806445650124
4.587499999999739,-1.030068817379569,-8.54455741212393
4.593749999999739,7.132452238202499,-1.8247009953223565
4.5999999999997385,11.239464931000551,10.15102293659829
4.606249999999738,11.102287292327645,21.870372908064788
4.612499999999738,9.603241637287903,23.294546050957706
4.6187499999997375,8.779109913972865,16.162778306152305
4.624999999999737,8.666446209615643,11.671720963838228
4.631249999999737,7.813627362516974,12.90150847664717
4.637499999999736,4.882662445979517,13.15228885988428
4.643749999999736,0.831468001952008,8.873007527248852
4.649999999999736,-1.8055096086208948,2.03353362476333
4.656249999999735,-2.6955503200179587,-5.335434077006103
4.662499999999735,-3.8259481707340486,-9.998158097820214
4.668749999999735,-4.990329277437372,-8.521319103700874
4.674999999999734,-4.174843269346558,-4.185370759602849
4.681249999999734,-2.8467563962057274,-3.586125514424239
4.6874999999997335,-3.694422665898598,-5.579473582537943
4.693749999999733,-3.749182640624092,-3.2431196753380935
4.699999999999733,1.5600912672954355,4.9220168563083995
4.7062499999997325,8.976952823921952,14.390107272181192
4.712499999999732,10.565728502570407,22.21803761153972
4.718749999999732,5.039264143844205,27.77118208008129
4.724999999999731,-0.5182540759905266,28.667366164805536
4.731249999999731,-0.4666529832831594,22.63853384759433
4.737499999999731,1.973816149695571,12.171831669571302
4.74374999999973,0.541826722945931,2.527651312199093
4.74999999999973,-3.4856132706599343,-4.150026156648256
4.75624999999973,-4.297158084416039,-9.455987341697234
4.762499999999729,-3.226755533052665,-14.437506269901366
4.768749999999729,-6.766056663366135,-18.063496757983888
4.774999999999729,-14.151055424919962,-19.528241438160556
4.781249999999728,-16.56285127351537,-18.45435286140901
4.787499999999728,-8.534274098893633,-13.684869474228206
4.7937499999997275,4.555800705490947,-5.890105701770114
4.799999999999727,11.428858864345173,1.3718905636900565
4.806249999999727,7.9898930028131545,6.693653422915878
4.812499999999726,2.5013953849241846,11.741429717831126
4.818749999999726,3.489669367042131,15.900729761335644
4.824999999999726,7.576511028724998,16.962580140341753
4.831249999999725,5.927937777714289,15.487600411394158
4.837499999999725,-1.8956866428303139,11.954624136694722
4.843749999999725,-7.725700691187458,4.434098949673348
4.849999999999724,-6.509125250250091,-6.009740871644329
4.856249999999724,-2.3808089039067997,-14.449725127117798
4.862499999999724,-2.0113517880588367,-19.046394938613382
4.868749999999723,-5.637885657914819,-21.66904112367323
4.874999999999723,-7.601352109928524,-22.36100434332576
4.8812499999997225,-4.67509510891855,-20.02654243805143
4.887499999999722,-0.5692049062937684,-15.458180033803467
4.893749999999722,-0.4063497434938954,-9.181639655538971
4.8999999999997215,-3.0961618089124032,-1.4992226964158855
4.906249999999721,-3.167551473494653,4.546294670473844
4.912499999999721,0.9644990429935576,6.837692304137812
4.91874999999972,5.349001653463714,8.461322451281976
4.92499999999972,6.51549891204836,12.022100887273373
4.93124999999972,4.715049144506359,13.698471141897436
4.937499999999719,1.7152192631525032,8.553733875945557
4.943749999999719,-1.355801687884345,-1.5034432349130773
4.949999999999719,-4.197811732370854,-9.792150193402865
4.956249999999718,-6.395928241662117,-13.649632322558613
4.962499999999718,-6.719368622550653,-16.786337754975516
4.968749999999718,-4.969418797191705,-21.33246964806011
4.974999999999717,-3.133263326207036,-22.549987538339703
4.981249999999717,-2.310697275332731,-16.665222300136445
4.9874999999997165,-1.740907687014253,-8.232414458685028
4.993749999999716,-1.8589686034498087,-2.2509875999379645
4.999999999999716,-3.4685543971929067,3.848104804931948
5.006249999999715,-4.712274827370483,12.305551753180767
5.012499999999715,-3.0325963843358346,17.667685640060046
5.018749999999715,1.1903860898134497,15.549002695691545
5.024999999999714,4.541020680964753,10.822153815494543
5.031249999999714,4.144709939486494,9.459166674412739
5.037499999999714,1.7784379912020762,9.643747626057376
5.043749999999713,1.5203309158143856,7.833246681892544
5.049999999999713,2.59861677188083,4.945118832598337
5.056249999999713,0.5254008922859557,0.2513251520528204
5.062499999999712,-4.459466539439823,-9.839727366973456
5.068749999999712,-7.4602649643326,-21.51087595398111
5.0749999999997115,-6.770010412565466,-24.688751552474912
5.081249999999711,-4.822056762040159,-18.259028248756273
5.087499999999711,-2.999309216242238,-11.078750198186476
5.0937499999997105,-0.7633290764669465,-5.907999339948132
5.09999999999971,1.820608212577023,3.4890441847648024
5.10624999999971,3.880847233493519,16.89443135456811
5.112499999999709,5.415728902158988,24.20824272582413
5.118749999999709,7.707497428911225,21.425914453773068
5.124999999999709,10.73231787891152,16.271133302807343
5.131249999999708,11.066565819804772,14.48397946427837
5.137499999999708,6.0265056305083275,12.63488424691755
5.143749999999708,-0.8258223115641006,6.502387884284268
5.149999999999707,-3.1602412248609624,-2.663728692374776
5.156249999999707,-0.3555792085560573,-10.933723397868357
5.1624999999997065,2.3473798147532863,-15.414661127001787
5.168749999999706,1.8373506499068886,-15.44282756015029
5.174999999999706,0.03916158789223656,-12.370030229731775
5.1812499999997055,-1.410450963721026,-8.254565813071006
5.187499999999705,-3.45116544135983,-4.850121038227602
5.193749999999705,-5.578543590276147,-2.5191718267255023
5.199999999999704,-4.855475679711237,1.2043389485657867
5.206249999999704,-0.026521633256061272,8.550146672372133
5.212499999999704,6.223565086005871,16.28237992613956
5.218749999999703,9.545850429383258,19.189036545897714
5.224999999999703,8.292630798190412,17.424121309701547
5.231249999999703,4.888549428901127,13.712301905258238
5.237499999999702,1.3788696380817496,7.628793106671493
5.243749999999702,-2.700495022960543,-0.21154324195189256
5.249999999999702,-5.557357735784116,-4.791860289434211
5.256249999999701,-4.247597862130645,-4.735428257591916
5.262499999999701,-2.4687351025369373,-6.1141825885867895
5.2687499999997005,-5.652634048619604,-11.748338346060699
5.2749999999997,-9.326916895078526,-15.531156896279898
5.2812499999997,-6.408971329736707,-12.778715624044478
5.287499999999699,-1.3588857803319683,-6.773348978646075
5.293749999999699,-2.089835224168766,-1.3645888609691725
5.299999999999699,-4.868795215644264,4.074620431534259
5.306249999999698,-1.6011344182240244,10.190038566134868
5.312499999999698,5.2995405779860425,14.79728904846061
5.318749999999698,7.806701461337692,15.86671464912684
5.324999999999697,5.585373821757566,14.189790865106579
5.331249999999697,4.18816790405142,12.1018338857055
5.337499999999697,4.640232477915956,9.68770549666459
5.343749999999696,2.8254282001631843,3.789505169809214
5.349999999999696,-3.0569507048618734,-6.744300330974042
5.3562499999996955,-9.55444995680787,-17.053978875682564
5.362499999999695,-12.043882527510462,-21.44561810820292
5.368749999999695,-10.205464970435436,-20.04039930283004
5.3749999999996945,-8.927500678720849,-16.63151074623053
5.381249999999694,-11.47069770018943,-12.966131126410824
5.387499999999694,-13.034681909239415,-8.435546642490209
5.393749999999693,-7.454040449787871,-3.061880863392471
5.399999999999693,1.7382015029198792,2.0629003284129936
5.406249999999693,5.829069620876659,6.627548396873223
5.412499999999692,3.687198144833622,11.259281044790601
5.418749999999692,1.1808351853012697,15.335118228401521
5.424999999999692,1.0861715624925343,16.48791267962973
5.431249999999691,1.039186048673801,13.091842837535381
5.437499999999691,-0.18813662348922056,5.972328785943038
5.443749999999691,-0.40289772435340454,-1.7863759404702515
5.44999999999969,0.6470678046017615,-6.354716838162252
5.45624999999969,-1.0818385083900464,-7.172359796760411
5.4624999999996895,-6.786016200298985,-8.531226267700676
5.468749999999689,-10.724073151165324,-13.062900145460896
5.474999999999689,-8.241439499837005,-16.707853710486084
5.481249999999688,-2.414848629650237,-15.06354905943826
5.487499999999688,0.7008161142261875,-9.870454810963775
5.493749999999688,-0.9995914075132275,-4.560483086687424
5.499999999999687,-3.811439334511137,0.7942376982128145
5.506249999999687,-1.6405267090909863,6.60112144629519
5.512499999999687,5.659045922477855,11.376775970122212
5.518749999999686,9.822567277876011,14.191583590693913
5.524999999999686,5.827833529651827,15.478709605350343
5.531249999999686,-0.20744739458168815,15.120974964849253
5.537499999999685,-1.3352184476120879,12.234815250332407
5.543749999999685,0.8131493301387789,6.690562786434253
5.5499999999996845,2.119618422812682,-0.299747533009489
5.556249999999684,1.9728849006657785,-7.214983097097461
5.562499999999684,0.833075636341237,-13.018835130095374
5.5687499999996835,-0.18591785702589225,-16.413427661728278
5.574999999999683,1.4141844020240069,-16.05761169664064
5.581249999999683,5.163936410354473,-12.256673208289703
5.587499999999682,6.904310391549787,-6.463776274853487
5.593749999999682,5.842054960410917,0.16755938121819192
5.599999999999682,6.3393851344489764,6.489267171910283
5.606249999999681,10.253732772151976,12.106245919232173
5.612499999999681,13.726839770335712,17.772853853191236
5.618749999999681,13.71051939632496,22.16579460150887
5.62499999999968,11.993285198698638,21.48288301432896
5.63124999999968,10.819696369783134,14.98268508316029
5.6374999999996795,9.330118288875614,7.391878353111479
5.643749999999679,6.040102659649602,3.7195069997958585
5.649999999999679,1.5517610824358727,2.851691578177285
5.6562499999996785,-2.1145922248212954,-1.769102392021746
5.662499999999678,-3.4818520651931197,-12.653925155550985
5.668749999999678,-3.214616296865662,-22.216490905101672
5.674999999999677,-3.486993504202612,-21.862129309893636
5.681249999999677,-4.717605918587132,-13.660215379461606
5.687499999999677,-4.622061208937714,-5.893482669619131
5.693749999999676,-1.7087332162881248,-0.9393721600979974
5.699999999999676,2.481703857217902,4.594851123924877
5.706249999999676,5.446812826528568,11.204969729029223
5.712499999999675,6.380561332907452,16.14702838367449
5.718749999999675,6.5169886079089885,19.367689024546443
5.724999999999675,7.655866998799517,22.4574484277992
5.731249999999674,10.139494710411626,23.490908843456047
5.737499999999674,11.555371296098524,18.623719652526148
5.7437499999996735,8.324994746098469,7.50039510881729
5.749999999999673,0.7206957910436054,-6.025536758768871
5.756249999999673,-5.120270343370521,-17.19516210167768
5.762499999999672,-3.9999852176189923,-23.26109737353602
5.768749999999672,1.2174590271177221,-24.38714454897061
5.774999999999672,3.264625829976981,-22.37503605066137
5.781249999999671,-0.7009660527288224,-18.423458602864855
5.787499999999671,-6.452617130403572,-12.435910214855232
5.793749999999671,-7.17579171729414,-4.8161725427891655
5.79999999999967,-0.45755190242591404,2.3313211481710487
5.80624999999967,8.317704643882529,7.5309709114272305
5.81249999999967,11.501614144618,12.102643194867571
5.818749999999669,7.912647793423714,17.49936075713388
5.824999999999669,2.857207274859614,21.705787689936443
5.8312499999996685,0.186273754942325,20.466224886550336
5.837499999999668,-1.5043591698362135,11.55692951297641
5.843749999999668,-4.051230996840363,-2.110030503628754
5.8499999999996675,-5.388485721921121,-13.351402420414061
5.856249999999667,-3.359495431692884,-17.109796539820152
5.862499999999667,-0.912628271756371,-15.797495051222866
5.868749999999666,-2.7614415024732963,-15.122154124107297
5.874999999999666,-8.047330759497642,-16.60765364088485
5.881249999999666,-11.02074357449921,-17.11943251266579
5.887499999999665,-9.26655053559319,-13.061822832160994
5.893749999999665,-6.591692431257383,-4.21625451939914
5.899999999999665,-5.9906242002797185,4.7191409563220805
5.906249999999664,-4.897532931342712,8.593966376026277
5.912499999999664,-1.2761472662651483,8.515646504785103
5.918749999999664,0.9687947967470447,9.836554935479498
5.924999999999663,-1.5398601918745967,13.358240835406118
5.931249999999663,-4.902628506445623,13.921428928702442
5.9374999999996625,-4.122199742082749,8.26788134137177
5.943749999999662,-1.2672616990792747,-1.121520384540279
5.949999999999662,-1.5384769796620443,-10.165930112744736
5.956249999999661,-5.040090488384473,-16.071416468471
5.962499999999661,-7.305494323168677,-17.78848206170955
5.968749999999661,-5.977265388330526,-17.57917756032492
5.97499999999966,-3.4409857443973966,-18.341051844902562
5.98124999999966,-2.9442728413231825,-18.33766364621187
5.98749999999966,-4.08501846603709,-14.123359726453831
5.993749999999659,-3.4292048668057706,-6.453257559336233
5.999999999999659,0.32968803173477745,2.184541365727908
6.006249999999659,4.296171529873654,10.849371674306404
6.012499999999658,6.432800663409374,17.204748422871987
6.018749999999658,8.313022848383032,18.559302231922345
6.0249999999996575,9.84574058008035,17.379968429879888
6.031249999999657,8.07058808264418,17.33188518545159
6.037499999999657,3.7678363544758096,15.21240033922751
6.0437499999996565,0.802615527078486,6.426073552234458
6.049999999999656,-1.059939001856345,-5.038096709214589
6.056249999999656,-3.5965068357506964,-11.74170804529778
6.062499999999655,-4.592850765918495,-13.482179678109926
6.068749999999655,-3.1237266804390904,-14.947347639847582
6.074999999999655,-2.474518880557385,-16.86735030600697
6.081249999999654,-2.6306478714148915,-15.008091534152294
6.087499999999654,0.08660872771197503,-6.0869568979795865
6.093749999999654,4.587404517855614,7.230002842044744
6.099999999999653,6.379082936473517,17.21898803755316
6.106249999999653,5.823687736848002,18.290815953601328
6.1124999999996525,6.277727253365989,13.574623398508116
6.118749999999652,7.137086579790656,12.10224632624745
6.124999999999652,6.024151760079301,17.84574654896622
6.1312499999996515,4.055678903852652,23.50116199972526
6.137499999999651,2.941675700841907,19.33495855355781
6.143749999999651,1.2074634358890894,7.161728712107827
6.14999999999965,-1.815539166827862,-2.236686501327794
6.15624999999965,-3.2625107495291377,-5.463060384308697
6.16249999999965,-2.2209562111417767,-9.015233506674011
6.168749999999649,-2.325418656214518,-15.192736412994094
6.174999999999649,-4.813698441489979,-18.338581114709513
6.181249999999649,-4.985330668831373,-15.32128622551796
6.187499999999648,-0.016272871278888767,-8.849584138208026
6.193749999999648,5.1907532815261535,-1.7125680945644373
6.199999999999648,4.772305783736698,4.883808151953364
6.206249999999647,0.7034117594382288,10.118696864952572
6.212499999999647,-0.030888695884869977,14.286002411970793
6.2187499999996465,4.4833449386634285,17.75892372708975
6.224999999999646,8.772838082641137,19.463128444635498
6.231249999999646,8.097974938889951,18.445441209164084
6.237499999999645,3.796611093659575,14.258949706811553
6.243749999999645,-0.42318136942584217,5.918157705290541
6.249999999999645,-2.639738251096394,-5.159933381259565
6.256249999999644,-3.265783109884743,-13.544831796880453
6.262499999999644,-4.918889930002887,-16.12420403177842
6.268749999999644,-9.161679871246786,-16.166067118762086
6.274999999999643,-12.350859773643393,-17.161332523318144
6.281249999999643,-10.190187161013341,-17.430554118619526
6.287499999999643,-5.424659410901652,-13.130471611496171
6.293749999999642,-4.066950745368468,-3.4673215704762077
6.299999999999642,-5.671965721531572,7.097067379286905
6.3062499999996415,-4.499036405575387,12.51724036730267
6.312499999999641,0.5869905578066184,12.878562573092303
6.318749999999641,4.615252898563198,13.692479029410684
6.3249999999996405,5.177787324119602,15.561407751398683
6.33124999999964,4.776574312060905,12.728485132123293
6.33749999999964,3.71819299420905,3.4565771252452704
6.343749999999639,-1.0239927599914187,-7.232115978952789
6.349999999999639,-8.471203236153624,-15.181313342014288
6.356249999999639,-11.966274966411204,-19.045057744401042
6.362499999999638,-7.654183397320625,-17.460708169426468
6.368749999999638,-1.2277581050007031,-12.814173880843969
6.374999999999638,-1.323910689070237,-12.626030734332149
6.381249999999637,-6.857072699728824,-18.151781568734073
6.387499999999637,-7.993844457397424,-18.886963424504174
6.393749999999637,-0.6438796738436992,-8.088063153120853
6.399999999999636,7.353170831198819,5.563439253789294
6.406249999999636,6.730808143711648,11.598428367551133
6.4124999999996355,-1.1578971694486369,12.155775475772197
6.418749999999635,-6.585794011840216,13.685589540547994
6.424999999999635,-4.600544725011739,15.125106364858077
6.431249999999634,0.055206387731568274,12.414900439883745
6.437499999999634,2.182399914040639,6.992291667063518
6.443749999999634,2.046439189923222,2.866688957955731
6.449999999999633,0.41855399609192734,-1.1416677119375473
6.456249999999633,-3.3321543517181773,-8.994214386069325
6.462499999999633,-7.047205089725761,-17.748290914312904
6.468749999999632,-7.177370248094232,-19.797428444390142
6.474999999999632,-4.096717577628337,-15.681200575470719
6.481249999999632,-1.1957082244937536,-12.917190238471765
6.487499999999631,-0.6000669864807664,-11.870924519332231
6.493749999999631,-1.8633528323488442,-5.865248654872231
6.4999999999996305,-1.9797487742231636,5.179791549528227
6.50624999999963,2.352878036820732,13.365888352486795
6.51249999999963,8.971024668153126,14.708907775289372
6.5187499999996295,10.973434899400958,13.570028126523692
6.524999999999629,7.018438504363182,14.664827633298682
6.531249999999629,3.738358115161849,16.271977221927923
6.537499999999628,4.362868361847309,14.004389001725603
6.543749999999628,4.11876527532356,7.604835915965975
6.549999999999628,0.02705498550730534,-0.3070560831553668
6.556249999999627,-3.8030086108175647,-8.594132759898258
6.562499999999627,-3.414457072171339,-16.056831292107915
6.568749999999627,-1.0838383057731305,-19.466775789246004
6.574999999999626,-1.4768824318511202,-17.10995551460607
6.581249999999626,-4.439444099906579,-11.402174872649017
6.5874999999996255,-4.864622606695144,-5.37559289869974
6.593749999999625,-0.4622843901618947,1.1333827142551183
6.599999999999625,4.303591905667882,8.9501936581457
6.6062499999996245,5.16386052077242,15.742440814173989
6.612499999999624,4.487139591770605,19.17829087498209
6.618749999999624,5.927986685261762,21.01196745484579
6.624999999999623,7.421213578845515,22.703950571093365
6.631249999999623,5.828587675087121,20.715365637637998
6.637499999999623,3.2905435962112772,12.186546567261978
6.643749999999622,2.1902494661193233,1.409603016347679
6.649999999999622,0.5162501274840112,-5.667464612592449
6.656249999999622,-2.1043472347347123,-9.568118924198881
6.662499999999621,-2.5607276652506443,-13.666638363798633
6.668749999999621,-1.5103500370004732,-16.592156996667875
6.674999999999621,-2.4189527962011406,-14.885248263574255
6.68124999999962,-3.8374614576538053,-9.725654040514874
6.68749999999962,-2.4606543368614155,-4.739670980296599
6.6937499999996195,-0.2657873746008176,0.22602718418622958
6.699999999999619,-0.14045896645654615,7.538924857006055
6.706249999999619,0.36010738223007044,15.71163790484701
6.712499999999618,4.089075967530404,20.154532671082162
6.718749999999618,8.256251045381855,19.97249407767185
6.724999999999618,8.7310375388248,18.957593625392008
6.731249999999617,6.49753571081373,18.483403562055926
6.737499999999617,5.450807465611418,15.153594048975291
6.743749999999617,6.642940056523282,7.463105363530076
6.749999999999616,7.800364656858325,-1.6184289154577955
6.756249999999616,5.848158637671989,-10.173425869499631
6.762499999999616,-0.5182129607110113,-18.762901353548557
6.768749999999615,-7.503731359866812,-25.624943327440057
6.774999999999615,-8.991804739696565,-27.158379663664988
6.7812499999996145,-5.736731265279209,-23.13836049265219
6.787499999999614,-3.9440310312331457,-15.516414230553483
6.793749999999614,-3.7537849149945752,-5.136948224278736
6.7999999999996135,-0.9366268536887117,4.933806208609098
6.806249999999613,1.9609145267133208,9.83844264650301
6.812499999999613,0.3485308080699091,10.853077185019307
6.818749999999612,-1.1716390945344533,13.501150812651458
6.824999999999612,3.1980834999138343,16.756675269607427
6.831249999999612,7.887243683998907,14.79764387024706
6.837499999999611,5.061464600139701,7.82109372805048
6.843749999999611,-1.4044254672891672,0.773159345139528
6.849999999999611,-3.509337588173125,-5.256654462254166
6.85624999999961,-3.0849272769952925,-11.620039564216015
6.86249999999961,-6.557714273528771,-16.719447201838243
6.86874999999961,-12.025639915054958,-18.86228773384993
6.874999999999609,-12.361396997709978,-19.523141809159156
6.881249999999609,-6.818534269290126,-19.278125853668683
6.8874999999996085,-0.700604787130701,-16.019833506503094
6.893749999999608,2.8720991146152244,-9.839361749866564
6.899999999999608,4.315665216423893,-3.7601639658205506
6.906249999999607,4.2725849360014685,1.1425233032737356
6.912499999999607,3.7714061845050715,5.590124232187126
6.918749999999607,4.783571681075324,8.667710080105534
6.924999999999606,6.917952764934591,9.602717855570678
6.931249999999606,6.178733948557492,9.441983619179304
6.937499999999606,0.7756766510515636,7.6021255875117
6.943749999999605,-4.940451336900879,2.101548435506123
6.949999999999605,-6.733079776087956,-5.117592626887383
6.956249999999605,-6.654219951055987,-10.004528460076244
6.962499999999604,-8.313959689489424,-13.643899951757165
6.968749999999604,-10.356723697575234,-19.41941399253791
6.9749999999996035,-9.119275248791284,-24.162330937959815
6.981249999999603,-4.732028740423296,-21.114090264833315
6.987499999999603,-0.7768435092889516,-9.965012646196223
6.9937499999996025,1.2115248435686325,3.1092212345276913
6.999999999999602,3.0668183615813023,12.215687917471888
7.006249999999602,5.058971371150666,14.708057007178647
7.012499999999601,5.091600415573049,12.59704005169649
7.018749999999601,4.365383218877031,11.995575928044328
7.024999999999601,6.390325672348061,15.532293786010896
7.0312499999996,9.45646746479661,17.866356119468875
7.0374999999996,8.575033665619582,14.016230777739825
7.0437499999996,4.164457218126458,6.3404825904902555
7.049999999999599,0.7909783134808206,-1.1645601846549052
7.056249999999599,-0.4690370262275958,-7.861560132793383
7.0624999999995985,-1.736857089889362,-12.859467180906938
7.068749999999598,-2.9280377065465855,-14.280360647588953
7.074999999999598,-1.9941007085591882,-13.105071949041527
7.0812499999995975,0.5637250929595256,-10.983512917014629
7.087499999999597,1.6626754987473382,-6.04494166547536
7.093749999999597,0.6634311424536852,2.8686550481480584
7.099999999999596,0.5378386193113986,11.829320820777433
7.106249999999596,2.6447503901582152,17.350841105098237
7.112499999999596,4.658530793753065,20.530422258526293
7.118749999999595,5.045554721132513,21.624958855041385
7.124999999999595,5.0338361366732345,18.5253817290116
7.131249999999595,5.135577456664401,13.241674516054875
7.137499999999594,4.081736144142252,10.99063226265184
7.143749999999594,2.2950247941459434,11.48578248427297
7.149999999999594,2.162311798625242,8.759171774069268
7.156249999999593,3.248717796233232,0.0889433958982937
7.162499999999593,1.8491797875493674,-10.251793951133724
7.1687499999995925,-2.527993287511154,-16.73877079746799
7.174999999999592,-5.131900075406827,-18.562237304276046
7.181249999999592,-3.132947701314344,-17.517390179315818
7.187499999999591,0.09216232166949356,-12.350733007606632
7.193749999999591,1.4899432287758345,-1.250802845660456
7.199999999999591,3.5636202665830536,10.45679501930298
7.20624999999959,7.7822441426477775,14.6741365697861
7.21249999999959,9.646259014418396,13.822349234305598
7.21874999999959,6.698269010302539,17.39037185830007
7.224999999999589,3.5964878232285846,24.03045505207755
7.231249999999589,3.4475031106039054,22.500152637595058
7.237499999999589,2.333586739192538,11.510299157197757
7.243749999999588,-2.472595101164387,1.6933453810858219
7.249999999999588,-6.604853564997217,-3.191353943123344
7.2562499999995875,-6.30596642723069,-9.812887238180714
7.262499999999587,-5.363602240026313,-19.02923856290008
7.268749999999587,-8.22874448757158,-23.18168190658072
7.2749999999995865,-11.792285171402163,-20.45986907649799
7.281249999999586,-10.498242294616178,-16.00240927888031
7.287499999999586,-5.1758417303436834,-10.442525145731363
7.293749999999585,-0.786034739134517,-2.0778365630227045
7.299999999999585,0.9038791504276341,5.096178092345849
7.306249999999585,1.191937583798496,8.158495542038526
7.312499999999584,0.4468465455821802,11.654616909727412
7.318749999999584,-1.085326959603893,17.808011516341637
7.324999999999584,-1.7629610827657554,19.74810863834347
7.331249999999583,-1.7724069543752385,12.046457374504012
7.337499999999583,-3.8898005747850313,0.8411617044430546
7.343749999999583,-7.645183303251663,-4.2642520765481144
7.349999999999582,-8.160833840867596,-4.807539823403076
7.356249999999582,-4.132130193774181,-10.012252441541978
7.3624999999995815,-0.8137632700517949,-19.89247996514884
7.368749999999581,-2.4771097205308803,-24.605958998564283
7.374999999999581,-7.446656553202295,-20.265713503983175
7.38124999999958,-11.130740357315137,-12.423588347359923
7.38749999999958,-9.960224601476202,-5.571560898940114
7.39374999999958,-4.137047975114314,-0.007287549440647911
7.399999999999579,1.6821233605237782,3.7442544327337375
7.406249999999579,3.514436679992237,5.2506506388256735
7.412499999999579,3.0775577547764925,6.728210768058377
7.418749999999578,3.814515789094696,9.925217231447771
7.424999999999578,4.490762262604502,11.91146517362196
7.431249999999578,1.8541413461393481,9.18682740282726
7.437499999999577,-2.8923982082887028,4.001385972355381
7.443749999999577,-6.091263275102733,-0.10314155129226488
7.4499999999995765,-7.74094610683708,-4.981752440460541
7.456249999999576,-9.869406121382807,-12.037409038767274
7.462499999999576,-11.795449486103147,-16.41027053464115
7.4687499999995755,-11.954603217680953,-15.252908819724071
7.474999999999575,-10.804581379449683,-13.20076531714383
7.481249999999575,-8.928555073829367,-13.037885250950541
7.487499999999574,-6.176642879313741,-10.620302957132926
7.493749999999574,-3.2679573452693775,-3.4296043706043173
7.499999999999574,-0.6344805130085422,4.924673011141293
7.506249999999573,2.746422576015334,10.886246886565294
7.512499999999573,6.317254099970653,14.689277495602088
7.518749999999573,6.847491615580714,17.423692762511703
7.524999999999572,3.508690013061405,18.776625203372088
7.531249999999572,0.6164403306816104,18.004627687954958
7.5374999999995715,1.636370350640818,14.911613229053303
7.543749999999571,3.9570814283170703,8.97132558540279
7.549999999999571,3.961915551434377,-0.22867312999804135
7.5562499999995705,2.9119802941060042,-9.716048496312087
7.56249999999957,2.9431646050532856,-14.838880916455985
7.56874999999957,2.579294845600206,-16.51260709905583
7.574999999999569,0.6517656674978465,-19.171535373668867
7.581249999999569,-1.0436038765973965,-20.595987834153025
7.587499999999569,-1.9728174906540525,-14.280497932124199
7.593749999999568,-3.4625396124743415,-1.4184080188133938
7.599999999999568,-3.5139422184582987,10.392287844693975
7.606249999999568,1.3851241968189694,17.94416478308729
7.612499999999567,8.559819793617143,22.02254770671259
7.618749999999567,11.836093383928013,21.18556600838045
7.624999999999567,11.087740678914432,15.887616170099808
7.631249999999566,10.366761652769831,12.67725360047279
7.637499999999566,9.587265757641662,14.522508617916724
7.6437499999995655,6.411850436248194,14.047128507388386
7.649999999999565,2.1694352452646486,5.285790239493151
7.656249999999565,-0.8851520478525918,-6.4168759533421085
7.662499999999564,-3.7172027093720947,-13.8183705697366
7.668749999999564,-6.826435732692272,-17.010332668702837
7.674999999999564,-6.654879493293409,-17.260936271037775
7.681249999999563,-0.8070614738646271,-12.53560296149418
7.687499999999563,5.983220449636406,-4.128315277583925
7.693749999999563,7.427409757049814,1.7748499230167036
7.699999999999562,5.512900448417837,3.138471827782535
7.706249999999562,6.592210218215785,5.630358122158825
7.712499999999562,9.66819098447385,13.154171761004765
7.718749999999561,8.79525080749377,20.10930584508383
7.724999999999561,4.545830408750147,18.829268718561455
7.7312499999995605,2.6320797004675733,10.50406169550791
7.73749999999956,4.005990856470473,2.389485001753078
7.74374999999956,4.79491988957785,-1.4263894453858326
7.7499999999995595,3.122303003800051,-2.113652351272865
7.756249999999559,0.2660312870355237,-3.8393844778957327
7.762499999999559,-2.3494285477345667,-10.335780713467237
7.768749999999558,-4.182661698526831,-19.43229624713768
7.774999999999558,-4.963227594947678,-23.650847871952358
7.781249999999558,-3.9202194125576044,-19.725598867245942
7.787499999999557,-1.031535583541477,-12.74368269144957
7.793749999999557,0.41999655032216365,-8.134915959761395
7.799999999999557,-2.238224718041791,-4.974966446189798
7.806249999999556,-4.608973427308962,0.6958496828934537
7.812499999999556,-1.2908912227581886,10.094985845077405
7.8187499999995556,4.271147574269756,19.75548409460435
7.824999999999555,5.930680548143557,23.21158917698596
7.831249999999555,4.714600366041729,16.614888444049647
7.8374999999995545,3.891572225893044,3.9990727403755324
7.843749999999554,2.447833789713142,-6.196800833150207
7.849999999999554,-0.6847899119652037,-10.663442688247514
7.856249999999553,-3.5936172291439377,-13.503486124909838
7.862499999999553,-5.014335849138758,-18.18337314390072
7.868749999999553,-5.2288133292150185,-22.301717724870972
7.874999999999552,-3.7762865016160267,-22.39809837131161
7.881249999999552,-1.14878376842776,-18.275514436893413
7.887499999999552,-0.7311439721890212,-10.835426734591199
7.893749999999551,-3.950875266759475,-1.8976153459051384
7.899999999999551,-6.552341133285426,4.024018214517869
7.906249999999551,-4.386214958308992,4.796729105700987
7.91249999999955,1.1141898842998026,5.7087430323342225
7.91874999999955,5.515276568444336,11.722189246321316
7.9249999999995495,5.228814446187814,17.417365676347806
7.931249999999549,0.2927516325583721,14.159468133914945
7.937499999999549,-4.1363209484133385,4.071399859328414
7.9437499999995485,-3.990140382749776,-4.547842890019527
7.949999999999548,-3.0413877264186224,-10.909441258013363
7.956249999999548,-5.805983779717879,-18.58901590811387
7.962499999999547,-7.712618550544702,-25.040566474610905
7.968749999999547,-2.3645928959215565,-25.15502740041626
7.974999999999547,5.676614276708394,-20.1791939642197
7.981249999999546,6.26157105788397,-15.937722133720042
7.987499999999546,-0.951612289777636,-14.135602228343437
7.993749999999546,-6.2435913472775795,-9.552045411748573
7.999999999999545,-3.536465873226274,1.9340199809043082
8.006249999999545,3.0955365409490536,15.237098185536585
8.012499999999545,6.289598196447472,21.632974312379595
8.018749999999544,4.567849179494708,20.30366979602969
8.024999999999544,3.44191174205877,17.11709365543895
8.031249999999543,7.192975049039355,14.145612119934233
8.037499999999543,11.82296117238928,8.44874476092966
8.043749999999543,10.325655799799604,0.06076402648200796
8.049999999999542,2.785835960062404,-6.470584004761046
8.056249999999542,-4.044763024715705,-9.359315689600262
8.062499999999542,-5.1784705513541525,-12.165995499862039
8.068749999999541,-1.6819337019521061,-16.665283712091544
8.074999999999541,1.3622824894044627,-19.052983622455027
8.08124999999954,-0.19713908690781023,-16.664138626029917
8.08749999999954,-5.396930425633748,-11.392333282780697
8.09374999999954,-9.378677785639978,-3.9380056309025995
8.09999999999954,-8.344184249033063,5.8017071116753005
8.10624999999954,-2.04589332323075,12.937524963552175
8.112499999999539,6.340884731031379,13.674438968679121
8.118749999999539,11.543558862694722,12.867871217579507
8.124999999999538,10.602041084615285,14.669291030482594
8.131249999999538,6.409780502268294,14.579519064481126
8.137499999999537,3.6295688806002255,9.217237209467179
8.143749999999537,2.17705070445864,2.467507151833659
8.149999999999537,-1.3343292940586728,-2.5254343886087467
8.156249999999536,-6.847159175192542,-6.449222736791942
8.162499999999536,-9.934799731851069,-9.192380871066149
8.168749999999536,-7.942937028506841,-10.748493433196836
8.174999999999535,-3.1532426672675493,-13.027938747885004
8.181249999999535,1.366778049734527,-15.074572911067023
8.187499999999535,4.640161303051832,-11.874896041294551
8.193749999999534,5.279797540054414,-2.2058960335433335
8.199999999999534,2.0862113902099093,7.573188185216498
8.206249999999534,-1.4617336901761677,11.669261098060016
8.212499999999533,0.4361230932993736,12.362845689143734
8.218749999999533,7.331429020618018,15.033958181366323
8.224999999999532,11.529504464307085,19.033790756139805
8.231249999999532,8.318427760686575,18.469293718996735
8.237499999999532,2.5040452388209107,11.466261404111224
8.243749999999531,0.42891788213427995,3.6015917637268178
8.249999999999531,0.849921183402806,-0.5315222077633095
8.25624999999953,-0.646949826988966,-3.976280950714856
8.26249999999953,-4.123657886039476,-10.391559365454858
8.26874999999953,-7.064488657810444,-16.01219951120624
8.27499999999953,-8.07494124568267,-15.619911157012023
8.28124999999953,-6.7274595543455185,-11.221059061431717
8.287499999999529,-4.234815103035279,-7.798562891799538
8.293749999999529,-3.1525448668631086,-5.115257495776265
8.299999999999528,-3.3934832465672997,0.308006283162751
8.306249999999528,-1.9599744879483638,8.242078445998603
8.312499999999527,1.7096737367001689,14.308482380392052
8.318749999999527,4.359537387819603,15.720166958758243
8.324999999999527,4.071787879917075,14.085215431621727
8.331249999999526,3.144641009897715,11.124012222728417
8.337499999999526,3.713219631510146,5.16682481927962
8.343749999999526,3.407507591015265,-4.677630820580902
8.349999999999525,-0.4203165053757014,-14.2108431885201
8.356249999999525,-5.0742651654851425,-18.544738551467674
8.362499999999525,-6.870646510836593,-18.53854361533778
8.368749999999524,-7.350531312544018,-18.206559198172233
8.374999999999524,-9.662936286252565,-17.978361444546067
8.381249999999524,-12.588520654211818,-15.9745036254908
8.387499999999523,-12.235064782793124,-12.690833707284359
8.393749999999523,-8.14476962067274,-8.148817077482189
8.399999999999523,-5.090400861997766,0.11835347103276872
8.406249999999522,-6.610659999740166,10.281887791723097
8.412499999999522,-8.453351342378221,16.42589021879384
8.418749999999521,-4.150065700873872,19.208550911479204
8.424999999999521,3.3770378978810767,22.90597248465745
8.43124999999952,4.351188864381697,22.44351942192134
8.43749999999952,-2.1022952089425484,11.08940158488113
8.44374999999952,-5.851270131178654,-3.2598265716666317
8.44999999999952,-2.8654484757369545,-7.914098573888733
8.45624999999952,-0.5953154311207958,-5.074872563788848
8.462499999999519,-2.4508279075013024,-6.235626824327056
8.468749999999519,-2.8490070042900064,-13.216229521068435
8.474999999999518,-0.19736533683325996,-16.835801809860236
8.481249999999518,1.0140978909900906,-11.57086518610387
8.487499999999518,0.6512720226341164,-2.5201067698739767
8.493749999999517,2.043053534182919,3.4185686858689817
8.499999999999517,4.349493248514324,6.672052806380664
8.506249999999516,5.540394168189545,11.777179793332728
8.512499999999516,7.076932059095627,19.37445545560323
8.518749999999516,9.610072770250103,25.16831401899016
8.524999999999515,10.129098705411181,25.608642483810804
8.531249999999515,6.886621432015051,21.539630230346013
8.537499999999515,2.894657097233424,14.97658778699205
8.543749999999514,1.9340597152154295,6.215466325081836
8.549999999999514,3.0175106976386843,-3.057086654805529
8.556249999999514,1.810861718288243,-9.046997911062086
8.562499999999513,-3.030518213881752,-10.927110164109498
8.568749999999513,-8.368611809420397,-11.394181044384798
8.574999999999513,-10.511046024429442,-11.534476275328052
8.581249999999512,-7.56898662493322,-10.175801438673766
8.587499999999512,-0.2624089426014464,-7.35657537989977
8.593749999999512,7.177797177986442,-3.6456938076724965
8.599999999999511,9.864356131551073,2.3923920625193618
8.60624999999951,7.457821417226191,11.398686975357183
8.61249999999951,4.4720133803426645,19.52055307209003
8.61874999999951,5.09239216250306,22.403897988763255
8.62499999999951,8.394949635577161,20.837671244903984
8.63124999999951,9.145317135189035,17.112312629817275
8.637499999999509,4.826977351170563,10.183903485854561
8.643749999999509,0.48232890759052094,0.8602721503828157
8.649999999999508,1.6822269354909138,-5.062414172604427
8.656249999999508,4.62878831894937,-5.351720300869621
8.662499999999508,2.0350553793552546,-5.687922858193671
8.668749999999507,-3.302112613785919,-10.498820803892064
8.674999999999507,-2.854621622673471,-15.719959439619075
8.681249999999507,2.480107721621955,-14.856949949461614
8.687499999999506,4.848829091201612,-7.920728564167817
8.693749999999506,2.8606090474603882,0.5274557113007865
8.699999999999505,0.8624969122677635,8.838779750785953
8.706249999999505,0.6796120762841471,16.99043525447551
8.712499999999505,2.1848471569410766,21.71956415124106
8.718749999999504,5.83834053392906,21.25715334728403
8.724999999999504,10.186007030735928,19.662993479567135
8.731249999999504,11.884411876521305,18.954199023895168
8.737499999999503,10.178603904165929,14.642669307540752
8.743749999999503,7.247418126993344,4.90081640979781
8.749999999999503,3.464790594091657,-4.679282666059644
8.756249999999502,-2.473118710005698,-9.301488874673204
8.762499999999502,-8.178909674300836,-10.563318884980054
8.768749999999502,-9.08302167733417,-12.08762209112269
8.774999999999501,-5.965102545087225,-14.051520417602427
8.7812499999995,-3.9703283969203063,-13.157025912593006
8.7874999999995,-4.024017737156772,-7.290547586744731
8.7937499999995,-2.284735629147585,1.234245082203819
8.7999999999995,2.118467093696966,8.928855548288146
8.8062499999995,5.77041491694595,15.102738682313937
8.812499999999499,6.67094725000824,20.06773735567847
8.818749999999499,5.163054006817635,22.59764271699347
8.824999999999498,1.3321219572465257,21.0064336482842
8.831249999999498,-3.41806982392944,14.74171886299224
8.837499999999498,-5.500304377691673,5.450581049290374
8.843749999999497,-4.043250164093511,-2.8712912754115454
8.849999999999497,-3.416864231236463,-7.297579377592928
8.856249999999497,-7.145655768393432,-9.55641213694009
8.862499999999496,-11.909281682901176,-13.786272073424453
8.868749999999496,-11.966142087934328,-20.90349566021425
8.874999999999496,-7.562528631856642,-26.04722775724976
8.881249999999495,-3.970357880369243,-22.370383195726095
8.887499999999495,-4.230607518004468,-9.52993941567932
8.893749999999494,-6.869823204886991,3.1657607610134337
8.899999999999494,-7.907483200127992,7.106899967261243
8.906249999999494,-3.9345023391274943,5.7339266807199945
8.912499999999493,2.967706843001958,8.17435043015663
8.918749999999493,5.7323494615027055,14.402189838698705
8.924999999999493,1.7225247835008086,16.525752255130204
8.931249999999492,-3.350139909808197,12.07702671099507
8.937499999999492,-4.16987956920093,5.404059528829164
8.943749999999492,-2.6476426076597765,-1.470306925008324
8.949999999999491,-3.327645759294313,-9.467810869979658
8.956249999999491,-6.519263674559574,-16.54984790180469
8.96249999999949,-8.581600500810932,-19.392765017213996
8.96874999999949,-6.9898527601188984,-18.616456376305106
8.97499999999949,-2.992920289644312,-16.723459610790087
8.98124999999949,0.6234082635111315,-13.934579269567589
8.98749999999949,2.647167140696548,-9.803477526794987
8.993749999999489,3.193103375847081,-4.560929757873818
8.999999999999488,2.4080576220136534,3.4291269511926714
9.006249999999488,1.5373629851679684,14.842997250592202
9.012499999999488,2.515972747059882,23.090102613088725
9.018749999999487,4.596861784186684,21.066706058718054
9.024999999999487,5.054008754690738,13.887494401403858
9.031249999999487,3.4511340557717634,11.626830069346457
9.037499999999486,1.219167125770256,12.35377941963817
9.043749999999486,-1.0110578943245214,7.825035474874374
9.049999999999486,-2.426197121044518,0.20232197676802244
9.056249999999485,-1.9087027345533856,-3.007502230378339
9.062499999999485,-0.7299629994505098,-3.9258372182825614
9.068749999999485,-1.423997522453487,-9.658674649030772
9.074999999999484,-3.3667715132679645,-17.706666832515204
9.081249999999484,-3.3326857753326857,-17.443576787592797
9.087499999999483,-0.538167246327866,-5.519916285679413
9.093749999999483,2.6825183399865224,7.499940687251937
9.099999999999483,5.202524762067039,10.949020077137776
9.106249999999482,7.7388297766867336,10.197993399940724
9.112499999999482,9.345658385015644,17.374811078520384
9.118749999999482,8.743586559297556,29.52584349427828
9.124999999999481,8.069868678185887,33.3639019966532
9.131249999999481,8.80272101133341,27.119125416974402
9.13749999999948,7.274588413656392,18.40775717819306
9.14374999999948,1.340552493189939,8.407161172645793
9.14999999999948,-4.048530449842848,-3.499488995501558
9.15624999999948,-4.261460416136328,-10.693957179398813
9.16249999999948,-1.488037142500172,-10.214049794235057
9.168749999999479,0.3586526820564983,-9.561561350931449
9.174999999999478,0.7615226679709235,-12.354477322506995
9.181249999999478,-0.021915499133606686,-11.83962512978373
9.187499999999478,-2.584110760196981,-4.881561182131432
9.193749999999477,-4.6738251122993795,2.662984212621993
9.199999999999477,-1.9591257706501048,7.341466788495096
9.206249999999477,4.136957088394945,11.263176066544865
9.212499999999476,6.56670316348294,15.082985960418926
9.218749999999476,4.076138113139981,18.356946977073136
9.224999999999476,3.171496754825963,21.443660142791835
9.231249999999475,5.945966020057274,21.103971214702334
9.237499999999475,6.678817348514121,13.359883663417653
9.243749999999475,2.599976030410879,2.3048007837942883
9.249999999999474,-1.262323049831612,-4.355508012977587
9.256249999999474,-0.10129432508369629,-6.677901513379171
9.262499999999473,2.8164604467561807,-10.115371374063209
9.268749999999473,0.22120734912484585,-15.524006297656246
9.274999999999473,-7.093808505738508,-18.98045915364215
9.281249999999472,-9.45452876590505,-18.223048068864593
9.287499999999472,-3.3987979528045575,-13.793038364589044
9.293749999999472,2.59846259756746,-6.459113606889112
9.299999999999471,2.683841127152872,1.8340730872759572
9.306249999999471,2.1950654945676167,7.039841077689126
9.31249999999947,5.795252227547611,7.601225961791591
9.31874999999947,8.293432915099089,7.165681893879992
9.32499999999947,4.3564467602536485,8.952401868637578
9.33124999999947,-1.7540193109339777,11.093449243856323
9.33749999999947,-3.4766363305300256,9.999781416906004
9.343749999999469,-1.9953833195090924,4.007499726142769
9.349999999999469,-2.542007891418359,-6.35911645524898
9.356249999999468,-5.600130807760695,-17.091594883939628
9.362499999999468,-6.981701543422803,-22.501534732172335
9.368749999999467,-4.4344299234893665,-22.296212775466763
9.374999999999467,-0.8089916358533841,-21.582073305488304
9.381249999999467,-0.37628640694931775,-21.737035634272384
9.387499999999466,-3.18235279096176,-18.365093033612677
9.393749999999466,-4.990911162711594,-9.365630278527536
9.399999999999466,-3.3295974202554106,1.528348588944036
9.406249999999465,-0.14687609949252312,9.517460894188513
9.412499999999465,2.709453210645204,12.518699991809335
9.418749999999465,5.341500369659132,11.36606881407862
9.424999999999464,6.066421502283701,9.066410468163093
9.431249999999464,2.443943545610364,7.479194556453285
9.437499999999464,-3.2698816562563215,4.056491966278899
9.443749999999463,-5.8790547067052,-4.118304093559541
9.449999999999463,-4.436069741070813,-14.16875255854105
9.456249999999462,-2.7282355717512448,-20.599887427416142
9.462499999999462,-2.90429668592353,-22.7647982620937
9.468749999999462,-2.9100160545490033,-23.614068207271565
9.474999999999461,-1.3478945440819574,-23.264724734651274
9.481249999999461,-1.0732086114775239,-19.721264243675446
9.48749999999946,-4.2680155788552865,-13.861593153969766
9.49374999999946,-7.034668629227176,-8.118322402801434
9.49999999999946,-4.910080257704338,-2.7306910900571184
9.50624999999946,-0.8389772104207036,2.6469324254865736
9.51249999999946,-0.09646427903174559,7.251894645377986
9.518749999999459,-0.6822076811900458,10.899837979671394
9.524999999999459,2.5437353327687786,13.339517621289643
9.531249999999458,7.246966221157343,12.941144693180576
9.537499999999458,6.208309008672025,9.455418840752445
9.543749999999458,-1.049852356496181,5.090437632847152
9.549999999999457,-7.2942437094094466,0.7812955580247611
9.556249999999457,-7.550927729468744,-5.20101080292343
9.562499999999456,-3.829842886534879,-13.572829565221213
9.568749999999456,-0.9721754931935648,-21.00362666565097
9.574999999999456,-1.5107277146199802,-22.6044388258165
9.581249999999455,-3.1469601161954945,-17.369550967665315
9.587499999999455,-1.4193421973051776,-8.932580715538023
9.593749999999455,3.4765344055023126,-1.028252162843982
9.599999999999454,6.849493735065531,4.957940433949799
9.606249999999454,7.689097572584556,8.710992756231445
9.612499999999454,9.012770297719324,10.8670294736865
9.618749999999453,10.104613781857633,13.475709975247943
9.624999999999453,8.102915765268545,16.25569934827156
9.631249999999453,5.643894438620576,14.102641339988015
9.637499999999452,6.560248450252578,4.894246672030952
9.643749999999452,7.142000959540261,-4.311106569389441
9.649999999999451,2.0573583940904907,-7.894608251009075
9.656249999999451,-4.984500196795192,-10.977950374926282
9.66249999999945,-6.596545750122535,-17.852442598107096
9.66874999999945,-3.485033965764246,-22.080542424433027
9.67499999999945,-1.3524665066601624,-18.80287799734655
9.68124999999945,-0.6765938312907291,-14.263598533179039
9.68749999999945,1.5039552931688125,-12.978211379020522
9.693749999999449,4.214114204084242,-8.529342550172682
9.699999999999449,4.791779573307427,3.20260240017587
9.706249999999448,4.093093803321419,14.105897947850746
9.712499999999448,3.519013465878419,16.66667800864139
9.718749999999448,2.0557051325335265,15.671461537786094
9.724999999999447,0.25028928269431616,17.435582557310735
9.731249999999447,0.7562459913603845,17.178074035636293
9.737499999999446,2.9955922710131935,8.298380035263497
9.743749999999446,3.586715379797887,-3.4777163905474
9.749999999999446,1.3823845729449804,-8.119333205902945
9.756249999999445,-2.4834340885890143,-7.920021224898033
9.762499999999445,-6.2616968681018434,-11.822109235685831
9.768749999999445,-7.527793773265601,-18.07832234294563
9.774999999999444,-6.198684870927085,-18.764802820397854
9.781249999999444,-5.9900752023404955,-16.196070902174064
9.787499999999444,-8.04850754751592,-17.227457865698703
9.793749999999443,-8.075265194076119,-17.116944448869845
9.799999999999443,-3.623536656939267,-6.773483952429284
9.806249999999443,2.45050182797716,9.251584692274909
9.812499999999442,7.11163768734609,18.025563308229373
9.818749999999442,9.031804893692799,16.957987148509012
9.824999999999442,7.0592576040490025,13.446161983020428
9.831249999999441,2.1345754104447416,10.29450499857672
9.83749999999944,-2.254270986578488,3.95485853178573
9.84374999999944,-4.217090292423507,-6.136454593372657
9.84999999999944,-5.064126839680574,-15.444232115510864
9.85624999999944,-6.383247312445432,-19.627647243749824
9.86249999999944,-8.31304383028908,-18.69379268396807
9.868749999999439,-10.470135085012695,-16.31425011789223
9.874999999999439,-11.961384600057142,-14.509554567347054
9.881249999999438,-10.8684960628654,-11.805974980684418
9.887499999999438,-7.0537712097287475,-8.085291543474996
9.893749999999438,-4.309842933676359,-4.922162685338183
9.899999999999437,-4.724451093662729,-0.4825268023467464
9.906249999999437,-3.886018218019099,8.012220822316221
9.912499999999437,1.4209877981753238,17.067626490381084
9.918749999999436,6.037254742642632,19.68187201979968
9.924999999999436,4.867873479376014,15.339749137165581
9.931249999999435,1.4448423813654487,10.958959950673444
9.937499999999435,0.8178928755012589,10.432620575495353
9.943749999999435,1.8887589616666933,8.870258736598343
9.949999999999434,2.001647274224458,1.1451564428932755
9.956249999999434,0.9711320619059449,-8.892269873727184
9.962499999999434,-1.8534379801776948,-13.823484026227392
9.968749999999433,-6.364611572661204,-12.749150558057067
9.974999999999433,-8.114213857736235,-9.52245110731874
9.981249999999433,-4.3853696329415985,-6.076061602687385
9.987499999999432,-0.4491442870518504,-2.893409342500978
9.993749999999432,-0.97283557647852,-0.5348557878817215
